Year,imdb,Title,clean_test,binary,budget,domgross,intgross,,
2013,tt1711425,21 & Over,No Talking between Women,FAIL,13000000,25682380,42195766,,
2013,tt2024544,12 Years a Slave,No Talking between Women,FAIL,20000000,53107035,158607035,,
2013,tt1272878,2 Guns,No Talking between Women,FAIL,61000000,75612460,132493015,,
2013,tt0453562,42,Conversation About Men Only,FAIL,40000000,95020213,95020213,,
2013,tt1335975,47 Ronin,Conversation About Men Only,FAIL,225000000,38362475,145803842,,
2013,tt1606378,A Good Day to Die Hard,No Talking between Women,FAIL,92000000,67349198,304249198,,
2013,tt1815862,After Earth,No Talking between Women,FAIL,130000000,60522097,244373198,,
2013,tt1535109,Captain Phillips,No Talking between Women,FAIL,55000000,107136417,218743570,,
2013,tt1985966,Cloudy with a Chance of Meatballs 2,Less than Two Women,FAIL,78000000,119640264,271725448,,
2013,tt2229499,Don Jon,Dubious,FAIL,5500000,24477704,26377704,,
2013,tt1731141,Ender Game,Conversation About Men Only,FAIL,110000000,61737191,89737191,,
2013,tt1211956,Escape Plan,Conversation About Men Only,FAIL,70000000,25213103,103813103,,
2013,tt1321870,Gangster Squad,No Talking between Women,FAIL,60000000,46000903,104100903,,
2013,tt1454468,Gravity,Less than Two Women,FAIL,110000000,271814796,708714796,,
2013,tt2191701,Grown Ups 2,Conversation About Men Only,FAIL,80000000,133668525,247023808,,
2013,tt1798709,Her,Conversation About Men Only,FAIL,23000000,25000178,33029713,,
2013,tt2024432,Identity Thief,Conversation About Men Only,FAIL,35000000,134506920,176269721,,
2013,tt2226417,Insidious: Chapter 2,Conversation About Men Only,FAIL,5000000,83586447,161911222,,
2013,tt1300854,Iron Man 3,Dubious,FAIL,200000000,408992272,1212692272,,
2013,tt1351685,Jack the Giant Slayer,Less than Two Women,FAIL,195000000,65187603,197387603,,
2013,tt1204975,Last Vegas,No Talking between Women,FAIL,28000000,63914167,112914167,,
2013,tt1670345,Now You See Me,No Talking between Women,FAIL,75000000,117723989,351723989,,
2013,tt1483013,Oblivion,Conversation About Men Only,FAIL,120000000,89107235,287537983,,
2013,tt2302755,Olympus Has Fallen,No Talking between Women,FAIL,70000000,98927592,150562164,,
2013,tt1663662,Pacific Rim,No Talking between Women,FAIL,190000000,101802906,411002906,,
2013,tt1980209,Pain &amp; Gain,No Talking between Women,FAIL,26000000,49875291,81275291,,
2013,tt1699755,Peeples,Dubious,FAIL,15000000,9177065,9177065,,
2013,tt0790736,R.I.P.D.,No Talking between Women,FAIL,130000000,33618855,79019947,,
2013,tt1411250,Riddick,No Talking between Women,FAIL,38000000,42025135,92425135,,
2013,tt2364841,Runner Runner,Less than Two Women,FAIL,30000000,19316646,62616646,,
2013,tt1979320,Rush,No Talking between Women,FAIL,38000000,26947624,43047624,,
2013,tt1408101,Star Trek Into Darkness,No Talking between Women,FAIL,190000000,228778661,466978661,,
2013,tt0481499,The Croods,Conversation About Men Only,FAIL,135000000,187168425,573068425,,
2013,tt2404311,The Family,Conversation About Men Only,FAIL,30000000,36918811,51078541,,
2013,tt1837703,The Fifth Estate,No Talking between Women,FAIL,26000000,3254172,6154172,,
2013,tt2005374,The Frozen Ground,Less than Two Women,FAIL,19200000,N/A,N/A,,
2013,tt1343092,The Great Gatsby,Dubious,FAIL,190000000,144840419,351040419,,
2013,tt1951261,The Hangover part 3,Conversation About Men Only,FAIL,103000000,112200072,362000072,,
2013,tt1170358,The Hobbit: The Desolation of Smaug,No Talking between Women,FAIL,250000000,257397516,937397516,,
2013,tt1517260,The Host,Dubious,FAIL,50000000,26623701,58188384,,
2013,tt0790628,The Incredible Burt Wonderstone,No Talking between Women,FAIL,32000000,22537881,24255957,,
2013,tt2234155,The Internship,No Talking between Women,FAIL,58000000,44672764,93672764,,
2013,tt1210819,The Lone Ranger,No Talking between Women,FAIL,275000000,89289910,259989910,,
2013,tt2184339,The Purge,Dubious,FAIL,3000000,64473115,91100541,,
2013,tt0993846,The Wolf of Wall Street,No Talking between Women,FAIL,100000000,115702857,365702857,,
2013,tt1213663,The World&#39;s End,Conversation About Men Only,FAIL,20000000,26004851,46578821,,
2013,tt1245492,This Is the End,No Talking between Women,FAIL,32000000,101470202,126294264,,
2013,tt1981115,Thor: The Dark World,Dubious,FAIL,170000000,204674790,631674790,,
2013,tt1924429,Trance,Less than Two Women,FAIL,16000000,2322593,22594052,,
2013,tt1860353,Turbo,Dubious,FAIL,135000000,83028130,283828130,,
2013,tt1588173,Warm Bodies,Conversation About Men Only,FAIL,30000000,66380662,116643610,,
2013,tt2334879,White House Down,Conversation About Men Only,FAIL,150000000,73103784,205440387,,
2013,tt0816711,World War Z,Dubious,FAIL,190000000,202359711,539559711,,
2012,tt1611224,Abraham Lincoln: Vampire Hunter,Dubious,FAIL,67500000,37519139,115119139,,
2012,tt1591479,Act of Valor,Less than Two Women,FAIL,12000000,70012847,82497035,,
2012,tt1602620,Amour,Dubious,FAIL,9700000,6738954,25915719,,
2012,tt1781769,Anna Karenina,Conversation About Men Only,FAIL,49000000,12816367,70735540,,
2012,tt1440129,Battleship,No Talking between Women,FAIL,209000000,65235400,304142720,,
2012,tt2125435,Beasts of the Southern Wild,Dubious,FAIL,1800000,12795746,21080058,,
2012,tt1308729,Bullet to the Head,Less than Two Women,FAIL,55000000,9489829,13561515,,
2012,tt1991245,Chernobyl Diaries,No Talking between Women,FAIL,1000000,18119640,38390020,,n
2012,tt1706593,Chronicle,No Talking between Women,FAIL,12000000,64575175,127075175,,
2012,tt1853728,Django Unchained,No Talking between Women,FAIL,100000000,162805434,425373688,,
2012,tt1907668,Flight,Dubious,FAIL,31000000,93772375,161772375,,
2012,tt1142977,Frankenweenie,Less than Two Women,FAIL,39000000,35287788,81150788,,
2012,tt0790724,Jack Reacher,No Talking between Women,FAIL,60000000,80070736,217370736,,
2012,tt2106476,Jagten,Conversation About Men Only,FAIL,3450000,687185,687185,,
2012,tt1764234,Killing Them Softly,Less than Two Women,FAIL,15000000,14945541,37238774,,
2012,tt0454876,Life of Pi,No Talking between Women,FAIL,120000000,124987022,607987022,,
2012,tt1277953,Madagascar 3: Europe&#39;s Most Wanted,Conversation About Men Only,FAIL,145000000,216391482,746921271,,
2012,tt1409024,Men in Black III,No Talking between Women,FAIL,215000000,179020854,624821154,,
2012,tt1667353,Mirror Mirror,Dubious,FAIL,85000000,64935167,168611991,,
2012,tt2094064,Much Ado About Nothing,Dubious,FAIL,8000000,22549338,22549338,,
2012,tt1623288,ParaNorman,No Talking between Women,FAIL,60000000,56003051,108159011,,
2012,tt1234719,Red Dawn,No Talking between Women,FAIL,65000000,44806783,48164150,,
2012,tt0485985,Red Tails,Conversation About Men Only,FAIL,58000000,49876377,50365498,,
2012,tt1446192,Rise of the Guardians,No Talking between Women,FAIL,145000000,103412758,306900902,,
2012,tt1656190,Safe,No Talking between Women,FAIL,33000000,17142080,41495213,,
2012,tt1931533,Seven Psychopaths,No Talking between Women,FAIL,13500000,15024049,23492318,,
2012,tt1922777,Sinister,Conversation About Men Only,FAIL,3000000,48086903,87727807,,
2012,tt1074638,Skyfall,Dubious,FAIL,200000000,304360277,1108694081,,
2012,tt1874789,Supporting Characters,Conversation About Men Only,FAIL,60000,4917,4917,,
2012,tt1637725,Ted,Conversation About Men Only,FAIL,50000000,218665740,549444574,,
2012,tt1232200,That&#39;s My Boy,No Talking between Women,FAIL,67500000,36931089,58058367,,
2012,tt0948470,The Amazing Spider-Man,Conversation About Men Only,FAIL,220000000,262030663,757890267,,
2012,tt0848228,The Avengers,No Talking between Women,FAIL,60000000,23385416,48585416,,
2012,tt1345836,The Dark Knight Rises,No Talking between Women,FAIL,275000000,448139099,1079343943,,
2012,tt1645170,The Dictator,No Talking between Women,FAIL,65000000,59650222,179379532,,
2012,tt1601913,The Grey,Less than Two Women,FAIL,25000000,51580136,84339696,,
2012,tt0903624,The Hobbit: An Unexpected Journey,Less than Two Women,FAIL,250000000,303003568,1014703568,,
2012,tt1649419,The Impossible,Conversation About Men Only,FAIL,40000000,19019882,169590606,,
2012,tt1258972,The Man with the Iron Fists,No Talking between Women,FAIL,15000000,15634090,21985095,,
2012,tt1560747,The Master,No Talking between Women,FAIL,37500000,16247159,25116740,,
2012,tt1430626,The Pirates! Band of Misfits,No Talking between Women,FAIL,55000000,31051126,123056220,,
2012,tt1817273,The Place Beyond the Pines,No Talking between Women,FAIL,15000000,21403519,47011449,,
2012,tt1673434,The Twilight Saga: Breaking Dawn - Part 2,Dubious,FAIL,136200000,292324737,832660037,,
2012,tt1298649,The Watch,Conversation About Men Only,FAIL,55000000,34353000,67353000,,
2012,tt1596365,The Woman in Black,No Talking between Women,FAIL,15000000,54333290,128955898,,
2012,tt1840417,The Words,No Talking between Women,FAIL,6000000,11494838,12132578,,
2012,tt1859650,To Rome With Love,Conversation About Men Only,FAIL,21500000,16684352,74363777,,
2012,tt1386703,Total Recall,No Talking between Women,FAIL,125000000,58877969,198615996,,
2012,tt1646987,Wrath of the Titans,No Talking between Women,FAIL,150000000,83670083,301970083,,
2011,tt1622547,30 Minutes or Less,No Talking between Women,FAIL,28000000,37053924,40966716,,
2011,tt1306980,50/50,Conversation About Men Only,FAIL,8000000,35016118,41334735,,
2011,tt1571222,A Dangerous Method,Dubious,FAIL,20000000,5702083,14807531,,
2011,tt1268799,A Very Harold &amp; Kumar 3D Christmas,No Talking between Women,FAIL,20000000,35061031,36265745,,
2011,tt1772240,Apollo 18,Less than Two Women,FAIL,5000000,17686929,26517819,,
2011,tt1430607,Arthur Christmas,No Talking between Women,FAIL,85000000,46462469,147624649,,
2011,tt1217613,Battle: Los Angeles,No Talking between Women,FAIL,70000000,83552429,212005201,,
2011,tt1152398,Beastly,No Talking between Women,FAIL,17000000,27865571,38028230,,
2011,tt1629705,Blackthorn,No Talking between Women,FAIL,4500000,200558,1249765,,
2011,tt0458339,Captain America: The First Avenger,No Talking between Women,FAIL,140000000,176654505,370569776,,
2011,tt1216475,Cars 2,Conversation About Men Only,FAIL,200000000,191450875,560155383,,
2011,tt1657507,Colombiana,No Talking between Women,FAIL,40000000,36665854,71698079,,
2011,tt0816462,Conan the Barbarian,Dubious,FAIL,20000000,38264085,79114085,,
2011,tt1372686,Coriolanus,Conversation About Men Only,FAIL,10000000,749641,1049641,,
2011,tt0409847,Cowboys &amp; Aliens,No Talking between Women,FAIL,163000000,100240551,175910315,,
2011,tt1650043,Diary of a Wimpy Kid: Rodrick Rules,No Talking between Women,FAIL,18000000,52698535,73695194,,
2011,tt1564349,Dolphin Tale,Conversation About Men Only,FAIL,37000000,72286779,96068724,,
2011,tt0780504,Drive,Dubious,FAIL,15000000,35060689,78054825,,
2011,tt1622979,Final Destination 5,Conversation About Men Only,FAIL,40000000,42587643,157887643,,
2011,tt1438176,Fright Night,Dubious,FAIL,30000000,18298649,40520649,,
2011,tt1133985,Green Lantern,No Talking between Women,FAIL,200000000,116601172,231201172,,
2011,tt0480687,Hall Pass,Conversation About Men Only,FAIL,36000000,45060734,83693266,,
2011,tt1201607,Harry Potter and the Deathly Hallows: Part 2,No Talking between Women,FAIL,125000000,381011219,1328111219,,
2011,tt1506999,Haywire,Less than Two Women,FAIL,23000000,18942396,22176190,,
2011,tt1403177,Hesher,No Talking between Women,FAIL,7000000,382946,382946,,
2011,tt1640459,Hobo with a Shotgun,Less than Two Women,FAIL,3000000,703372,834953,,
2011,tt1411704,Hop,Conversation About Men Only,FAIL,63000000,108085305,184924333,,
2011,tt0970179,Hugo,Dubious,FAIL,180000000,73864507,185033215,,
2011,tt1464540,I Am Number Four,No Talking between Women,FAIL,50000000,55100437,145982797,,
2011,tt1253864,Immortals,Conversation About Men Only,FAIL,75000000,83504017,211562435,,
2011,tt1637688,In Time,No Talking between Women,FAIL,35000000,37553932,170064664,,
2011,tt1634122,Johnny English Reborn,Dubious,FAIL,45000000,8305970,164539660,,
2011,tt1564367,Just Go with It,Dubious,FAIL,80000000,103028109,214974953,,
2011,tt1788391,Kill List,Dubious,FAIL,800000,29063,462206,,
2011,tt1448755,Killer Elite,Less than Two Women,FAIL,70000000,25124986,57777106,,
2011,tt1508675,Le Havre,Dubious,FAIL,5500000,611709,13480196,,
2011,tt1219289,Limitless,No Talking between Women,FAIL,27000000,79249455,169739455,,
2011,tt1615147,Margin Call,No Talking between Women,FAIL,3400000,5353586,17872206,,
2011,tt1305591,Mars Needs Moms,Dubious,FAIL,150000000,21392758,39549758,,
2011,tt1229238,Mission: Impossible - Ghost Protocol,No Talking between Women,FAIL,145000000,209397903,694713230,,
2011,tt1210166,Moneyball,No Talking between Women,FAIL,50000000,75605492,111174374,,
2011,tt1396218,Mr. Popper&#39;s Penguins,No Talking between Women,FAIL,55000000,68224452,189624452,,
2011,tt1298650,Pirates of the Caribbean: On Stranger Tides,No Talking between Women,FAIL,250000000,241063875,1043663875,,
2011,tt0822847,Priest,No Talking between Women,FAIL,60000000,29136626,84154026,,
2011,tt0448694,Puss in Boots,No Talking between Women,FAIL,130000000,149260504,554987477,,
2011,tt1192628,Rango,No Talking between Women,FAIL,135000000,123257581,245504574,,
2011,tt0433035,Real Steel,No Talking between Women,FAIL,110000000,85463309,293237309,,
2011,tt1436562,Rio,No Talking between Women,FAIL,90000000,143619809,487519809,,
2011,tt1318514,Rise of the Planet of the Apes,No Talking between Women,FAIL,93000000,176760185,482860185,,
2011,tt1723811,Shame,No Talking between Women,FAIL,6500000,4002293,10781688,,
2011,tt0945513,Source Code,No Talking between Women,FAIL,32000000,54712227,140428499,,
2011,tt1385826,The Adjustment Bureau,Dubious,FAIL,50200000,62495645,127793502,,
2011,tt0983193,The Adventures of Tintin,No Talking between Women,FAIL,130000000,77591831,373993951,,
2011,tt1655442,The Artist,No Talking between Women,FAIL,16000000,44667095,128256712,,
2011,tt1259521,The Cabin in the Woods,Dubious,FAIL,30000000,42073277,70768144,,
2011,tt1568346,The Girl with the Dragon Tattoo,No Talking between Women,FAIL,90000000,102515793,233170238,,
2011,tt0990407,The Green Hornet,No Talking between Women,FAIL,110000000,98780042,227983150,,
2011,tt1540133,The Guard,No Talking between Women,FAIL,6000000,5359774,15944629,,
2011,tt1189340,The Lincoln Lawyer,No Talking between Women,FAIL,40000000,58009200,87145086,,
2011,tt0472399,The Mechanic,Less than Two Women,FAIL,42500000,29121498,76347393,,
2011,tt1204342,The Muppets,No Talking between Women,FAIL,45000000,88625922,160971922,,
2011,tt1161864,The Rite,Dubious,FAIL,37000000,33047633,96047633,,
2011,tt1509767,The Three Musketeers,Conversation About Men Only,FAIL,90000000,20377913,139877913,,
2011,tt0478304,The Tree of Life,Less than Two Women,FAIL,35000000,13305665,62305665,,
2011,tt1340800,Tinker Tailor Soldier Spy,No Talking between Women,FAIL,21000000,24149393,81452811,,
2011,tt0471042,Tower Heist,No Talking between Women,FAIL,85000000,78046570,153470352,,
2011,tt1568911,War Horse,No Talking between Women,FAIL,70000000,79883359,156815529,,
2011,tt1291584,Warrior,No Talking between Women,FAIL,25000000,13657115,24215385,,
2011,tt1389137,We Bought a Zoo,Conversation About Men Only,FAIL,50000000,75624550,118924550,,
2011,tt1714210,Weekend,No Talking between Women,FAIL,190000,484592,1577585,,
2011,tt1449283,Winnie the Pooh,Less than Two Women,FAIL,30000000,26692846,50145607,,
2010,tt1542344,127 Hours,Dubious,FAIL,18000000,18335230,60735230,,
2010,tt1313092,Animal Kingdom,No Talking between Women,FAIL,4200000,1044039,8078683,,
2010,tt1532503,Beginners,No Talking between Women,FAIL,3200000,5790894,11564267,,
2010,tt1164999,Biutiful,No Talking between Women,FAIL,35000000,5101237,25101237,,
2010,tt1120985,Blue Valentine,Conversation About Men Only,FAIL,1000000,9737892,16566240,,
2010,tt1194417,Casino Jack,No Talking between Women,FAIL,12500000,2039869,2080869,,
2010,tt1020558,Centurion,No Talking between Women,FAIL,15000000,123570,6623570,,
2010,tt1438254,Charlie St. Cloud,No Talking between Women,FAIL,44000000,31206263,48478084,,
2010,tt0800320,Clash of the Titans,Dubious,FAIL,125000000,163214888,493214888,,
2010,tt1385867,Cop Out,No Talking between Women,FAIL,37000000,44875481,55909910,,
2010,tt1336617,Cyrus,No Talking between Women,FAIL,7000000,7468936,10039886,,
2010,tt0989757,Dear John,Less than Two Women,FAIL,25000000,80014842,111362410,,
2010,tt0427152,Dinner for Schmucks,No Talking between Women,FAIL,69000000,73026337,86796502,,
2010,tt1231583,Due Date,No Talking between Women,FAIL,65000000,100539043,211739043,,
2010,tt1013860,Dylan Dog: Dead of Night,Less than Two Women,FAIL,20000000,1186538,6090697,,
2010,tt1226273,Edge of Darkness,No Talking between Women,FAIL,60000000,43313890,81208697,,
2010,tt1531663,Everything Must Go,No Talking between Women,FAIL,5000000,2712131,2712131,,
2010,tt1433108,Faster,Less than Two Women,FAIL,12000000,23240020,35658648,,
2010,tt1323045,Frozen,No Talking between Women,FAIL,150000000,393050114,1004550114,,
2010,tt1226229,Get Him To The Greek,No Talking between Women,FAIL,40000000,61153526,91455875,,
2010,tt0947810,Green Zone,Less than Two Women,FAIL,100000000,35497337,97523020,,
2010,tt1376195,Gunless,Conversation About Men Only,FAIL,9900000,458054,458054,,
2010,tt1231587,Hot Tub Time Machine,No Talking between Women,FAIL,36000000,50269859,63209958,,
2010,tt1375666,Inception,Dubious,FAIL,160000000,292576195,832584416,,
2010,tt0804497,It&#39;s Kind of a Funny Story,No Talking between Women,FAIL,8000000,6363628,6628326,,
2010,tt1250777,Kick-Ass,No Talking between Women,FAIL,28000000,48071303,97527535,,
2010,tt1013743,Knight and Day,Conversation About Men Only,FAIL,117000000,76423035,262142047,,
2010,tt1228987,Let Me In,No Talking between Women,FAIL,20000000,12134935,28270399,,
2010,tt0892318,Letters to Juliet,Dubious,FAIL,30000000,53032453,79135982,,
2010,tt0758752,Love and Other Drugs,Conversation About Men Only,FAIL,30000000,32367005,102719647,,
2010,tt1518812,Meek&#39;s Cutoff,Conversation About Men Only,FAIL,2000000,977772,1869928,,
2010,tt1001526,Megamind,Less than Two Women,FAIL,130000000,148415853,321887208,,
2010,tt1470827,Monsters,Less than Two Women,FAIL,500000,237301,5639730,,
2010,tt0814255,Percy Jackson &amp; the Olympians: The Lightning Thief,Dubious,FAIL,95000000,88768303,226467130,,
2010,tt1424381,Predators,Less than Two Women,FAIL,40000000,52000688,127234389,,
2010,tt0473075,Prince of Persia: The Sands of Time,Less than Two Women,FAIL,200000000,90759676,335059676,,
2010,tt1245526,Red,Conversation About Men Only,FAIL,60000000,90380162,196439693,,
2010,tt0955308,Robin Hood,Dubious,FAIL,210000000,105487148,322459006,,
2010,tt0892791,Shrek Forever After,No Talking between Women,FAIL,165000000,238736787,756244673,,
2010,tt1130884,Shutter Island,No Talking between Women,FAIL,80000000,128012934,296831073,,
2010,tt1564585,Skyline,Dubious,FAIL,10000000,21416355,78693371,,
2010,tt1421051,Somewhere,Dubious,FAIL,7000000,1785645,14385645,,
2010,tt1440292,Submarine,No Talking between Women,FAIL,1900000,467602,4581937,,
2010,tt1512235,Super,No Talking between Women,FAIL,2500000,327716,518362,,
2010,tt1135084,Takers,No Talking between Women,FAIL,32000000,57744720,70587268,,
2010,tt0429493,The A-Team,Less than Two Women,FAIL,110000000,77222099,177241171,,
2010,tt0968264,The Conspirator,Dubious,FAIL,25000000,11538204,15907411,,
2010,tt1320253,The Expendables,No Talking between Women,FAIL,82000000,103068524,268268174,,
2010,tt0964517,The Fighter,Conversation About Men Only,FAIL,11000000,93617009,129262388,,
2010,tt1139328,The Ghost Writer,Conversation About Men Only,FAIL,45000000,15541549,65532491,,
2010,tt0775489,The Illusionist,Less than Two Women,FAIL,16500000,39868642,83792062,,
2010,tt1155076,The Karate Kid,Dubious,FAIL,40000000,176591618,359091618,,
2010,tt0954947,The Killer Inside Me,No Talking between Women,FAIL,13000000,217277,3617277,,
2010,tt0938283,The Last Airbender,No Talking between Women,FAIL,150000000,131772187,319713881,,
2010,tt0480255,The Losers,No Talking between Women,FAIL,25000000,23591432,26714018,,
2010,tt1386588,The Other Guys,Less than Two Women,FAIL,100000000,119219978,170936470,,
2010,tt1285016,The Social Network,No Talking between Women,FAIL,40000000,96962694,224922135,,
2010,tt0963966,The Sorcerer&#39;s Apprentice,No Talking between Women,FAIL,160000000,63150991,215150991,,
2010,tt0889573,The Switch,Conversation About Men Only,FAIL,19000000,27758465,49858465,,
2010,tt1243957,The Tourist,Less than Two Women,FAIL,100000000,67631157,278731369,,
2010,tt0840361,The Town,No Talking between Women,FAIL,37000000,92186262,152566881,,
2010,tt0780653,The Wolfman,No Talking between Women,FAIL,150000000,62189884,142634358,,
2010,tt0435761,Toy Story 3,Dubious,FAIL,200000000,415004880,1063759456,,
2010,tt1104001,Tron Legacy,No Talking between Women,FAIL,200000000,172062763,397562763,,
2010,tt0477080,Unstoppable,Dubious,FAIL,95000000,81562942,169511609,,
2010,tt1027718,Wall Street: Money Never Sleeps,Dubious,FAIL,70000000,52474616,137431619,,
2010,tt1235189,Wild Target,No Talking between Women,FAIL,8000000,109338,109338,,
2010,tt1302067,Yogi Bear,Less than Two Women,FAIL,80000000,100246011,202284317,,
2009,tt1022603,(500) Days of Summer,No Talking between Women,FAIL,7500000,32391374,60803210,,
2009,tt1190080,2012,No Talking between Women,FAIL,200000000,166112167,788408539,,
2009,tt0472033,9,Less than Two Women,FAIL,30000000,31749894,48559999,,
2009,tt0971209,A Perfect Getaway,Dubious,FAIL,14000000,15515460,22815460,,
2009,tt1019452,A Serious Man,Conversation About Men Only,FAIL,7000000,9228788,30360570,,
2009,tt1315981,A Single Man,No Talking between Women,FAIL,7000000,9176000,28142379,,
2009,tt1185836,Adam,Conversation About Men Only,FAIL,3200000,2277396,2828590,,
2009,tt1091722,Adventureland,Conversation About Men Only,FAIL,9800000,16044025,17144025,,
2009,tt1186830,Agora,No Talking between Women,FAIL,70000000,619423,38992292,,
2009,tt1077262,Ajami,Conversation About Men Only,FAIL,1000000,621859,621859,,
2009,tt0808151,Angels &amp; Demons,Less than Two Women,FAIL,150000000,133375846,490875846,,
2009,tt0913354,Armored,Less than Two Women,FAIL,20000000,15988876,23661038,,
2009,tt0375568,Astro Boy,Dubious,FAIL,65000000,19551067,44093014,,
2009,tt0499549,Avatar,Conversation About Men Only,FAIL,425000000,760507625,2783918982,,
2009,tt0889583,Br&uuml;no,Less than Two Women,FAIL,42000000,60054530,130788243,,
2009,tt1210042,Brooklyn&#39;s Finest,No Talking between Women,FAIL,17000000,27163593,39233233,,
2009,tt1232207,Capitalism: A Love Story,No Talking between Women,FAIL,20000000,14363397,19121531,,
2009,tt1352824,Chloe,Conversation About Men Only,FAIL,13000000,3075255,9675172,,
2009,tt0844471,Cloudy with a Chance of Meatballs,No Talking between Women,FAIL,100000000,124870275,236827677,,
2009,tt0433362,Daybreakers,No Talking between Women,FAIL,20000000,30101577,51401577,,
2009,tt1278340,Dead Snow,Conversation About Men Only,FAIL,800000,46742,2194020,,
2009,tt1136608,District 9,No Talking between Women,FAIL,30000000,115646235,215196627,,
2009,tt1191111,Enter the Void,No Talking between Women,FAIL,16000000,337997,337997,,
2009,tt0780511,Everybody&#39;s Fine,Conversation About Men Only,FAIL,20000000,9208876,9208876,,
2009,tt0432283,Fantastic Mr. Fox,No Talking between Women,FAIL,40000000,21002919,46498922,,
2009,tt1013752,Fast &amp; Furious,No Talking between Women,FAIL,85000000,155064265,363064265,,
2009,tt1083456,Fired Up!,No Talking between Women,FAIL,20000000,17231291,18608570,,
2009,tt0758746,Friday the 13th,Conversation About Men Only,FAIL,17000000,65002019,91700771,,
2009,tt1201167,Funny People,No Talking between Women,FAIL,72500000,51855045,71880305,,
2009,tt0436339,G-Force,No Talking between Women,FAIL,150000000,119436770,287389685,,
2009,tt1046173,G.I. Joe: The Rise of Cobra,No Talking between Women,FAIL,175000000,150201498,302469017,,
2009,tt1034032,Gamer,No Talking between Women,FAIL,50000000,20534907,35062683,,
2009,tt1194263,Get Low,No Talking between Women,FAIL,7000000,9176933,9696933,,
2009,tt1289406,Harry Brown,No Talking between Women,FAIL,7300000,1818681,6294140,,
2009,tt1024744,I Come with the Rain,Less than Two Women,FAIL,18000000,0,627422,,
2009,tt1045772,I Love You Phillip Morris,No Talking between Women,FAIL,13000000,2037459,15144685,,
2009,tt1155056,"I Love You, Man",Conversation About Men Only,FAIL,40000000,71440011,91729503,,
2009,tt1080016,Ice Age: Dawn of the Dinosaurs,No Talking between Women,FAIL,90000000,196573705,886968695,,
2009,tt0361748,Inglourious Basterds,Dubious,FAIL,70000000,120831050,316971720,,
2009,tt1057500,Invictus,No Talking between Women,FAIL,49000000,37491364,124491364,,
2009,tt0448011,Knowing,No Talking between Women,FAIL,50000000,79957634,187858642,,
2009,tt1197624,Law Abiding Citizen,No Talking between Women,FAIL,53000000,73357727,131159781,,
2009,tt1149361,Micmacs (Micmacs &agrave; tire-larigot),Dubious,FAIL,42000000,1259693,11756922,,
2009,tt0892782,Monsters vs Aliens,Dubious,FAIL,175000000,198351526,381687380,,
2009,tt1182345,Moon,No Talking between Women,FAIL,5000000,5010163,10676073,,
2009,tt1179891,My Bloody Valentine 3D,Conversation About Men Only,FAIL,14000000,51545952,102754998,,
2009,tt0875034,Nine,Conversation About Men Only,FAIL,80000000,19676965,53508858,,
2009,tt1186367,Ninja Assassin,No Talking between Women,FAIL,50000000,38122883,61622883,,
2009,tt1266029,Nowhere Boy,Dubious,FAIL,1900000,1445366,7785229,,
2009,tt1532957,Paa,Conversation About Men Only,FAIL,4300000,199228,9791282,,
2009,tt1188729,Pandorum,No Talking between Women,FAIL,40000000,10330853,17033431,,
2009,tt1003034,Perrier&#39;s Bounty,Less than Two Women,FAIL,6600000,828,828,,
2009,tt0762125,Planet 51,No Talking between Women,FAIL,60000000,42194060,108996113,,
2009,tt1152836,Public Enemies,No Talking between Women,FAIL,102500000,97104620,210379983,,
2009,tt0988045,Sherlock Holmes,No Talking between Women,FAIL,90000000,209028679,498438212,,
2009,tt0986263,Surrogates,No Talking between Women,FAIL,80000000,38577772,119668350,,
2009,tt0438488,Terminator Salvation,Conversation About Men Only,FAIL,200000000,125322469,371628539,,
2009,tt0878804,The Blind Side,Conversation About Men Only,FAIL,35000000,255959475,305705795,,
2009,tt1131729,The Boat That Rocked,Less than Two Women,FAIL,50000000,8017467,37472651,,
2009,tt1300851,The Boondock Saints II: All Saints Day,Less than Two Women,FAIL,8000000,10273187,10273187,,
2009,tt1132620,The Girl with the Dragon Tattoo,Dubious,FAIL,90000000,102515793,233170238,,
2009,tt1103982,The Girlfriend Experience,Dubious,FAIL,1300000,695840,1005840,,
2009,tt1119646,The Hangover,No Talking between Women,FAIL,35000000,277322503,469553471,,
2009,tt1054606,The Imaginarium of Doctor Parnassus,No Talking between Women,FAIL,30000000,7689607,64352607,,
2009,tt1130080,The Informant!,No Talking between Women,FAIL,22000000,33316821,41771168,,
2009,tt1058017,The Invention of Lying,Conversation About Men Only,FAIL,18500000,18451251,32679264,,
2009,tt1234548,The Men Who Stare at Goats,Less than Two Women,FAIL,24000000,32428195,67348218,,
2009,tt0790712,The Messenger,No Talking between Women,FAIL,6500000,1109660,1409660,,
2009,tt1041829,The Proposal,Conversation About Men Only,FAIL,40000000,163958031,314709717,,
2009,tt0898367,The Road,No Talking between Women,FAIL,25000000,8114270,27614270,,
2009,tt0485601,The Secret of Kells,Less than Two Women,FAIL,8000000,690290,2600916,,
2009,tt0821642,The Soloist,No Talking between Women,FAIL,60000000,31720158,38454152,,
2009,tt1111422,The Taking of Pelham 123,Less than Two Women,FAIL,110000000,65452312,152364370,,
2009,tt0452694,The Time Traveler&#39;s Wife,Dubious,FAIL,39000000,63414846,98666635,,
2009,tt1142988,The Ugly Truth,Conversation About Men Only,FAIL,38000000,88915214,205230042,,
2009,tt1049413,Up,No Talking between Women,FAIL,175000000,293004164,731542621,,
2009,tt1193138,Up in the Air,Conversation About Men Only,FAIL,30000000,83823381,166842739,,
2009,tt0409459,Watchmen,Conversation About Men Only,FAIL,138000000,107509799,184068357,,
2009,tt1178663,Whatever Works,Dubious,FAIL,15000000,5306706,35106706,,
2009,tt0386117,Where the Wild Things Are,No Talking between Women,FAIL,100000000,77233467,99123656,,
2009,tt0458525,X-Men Origins: Wolverine,Dubious,FAIL,150000000,179883157,374825760,,
2009,tt0403702,Youth in Revolt,No Talking between Women,FAIL,18000000,15285588,19685588,,
2008,tt0800308,Appaloosa,No Talking between Women,FAIL,20000000,20211394,27735474,,
2008,tt0455824,Australia,Conversation About Men Only,FAIL,130000000,49554002,215080810,,
2008,tt0799934,Be Kind Rewind,No Talking between Women,FAIL,20000000,11175164,30894247,,
2008,tt0887883,Burn After Reading,No Talking between Women,FAIL,37000000,60355347,163415735,,
2008,tt0892255,Che: Part One,No Talking between Women,FAIL,58000000,293708,30118557,,
2008,tt0452608,Death Race,No Talking between Women,FAIL,65000000,36316032,72516819,,
2008,tt1059786,Eagle Eye,No Talking between Women,FAIL,80000000,101440743,178066569,,
2008,tt1129423,Fireproof,Conversation About Men Only,FAIL,500000,33456317,33473297,,
2008,tt0486321,Fly Me to the Moon,Less than Two Women,FAIL,25000000,14543943,57546746,,
2008,tt0870111,Frost/Nixon,No Talking between Women,FAIL,29000000,18622031,28144586,,
2008,tt0995039,Ghost Town,No Talking between Women,FAIL,20000000,13252641,26612350,,
2008,tt1205489,Gran Torino,Conversation About Men Only,FAIL,25000000,148095302,274543085,,
2008,tt0448157,Hancock,Less than Two Women,FAIL,150000000,227946274,624346274,,
2008,tt0465502,Igor,Conversation About Men Only,FAIL,30000000,19528602,31013349,,
2008,tt0780536,In Bruges,No Talking between Women,FAIL,15000000,7800825,34533783,,
2008,tt0367882,Indiana Jones and the Kingdom of the Crystal Skull,No Talking between Women,FAIL,185000000,317023851,786558145,,
2008,tt0371746,Iron Man,Conversation About Men Only,FAIL,186000000,318604126,582443126,,
2008,tt0373051,Journey to the Center of the Earth,No Talking between Women,FAIL,45000000,101704370,240904370,,
2008,tt0489099,Jumper,No Talking between Women,FAIL,82500000,81168265,223113205,,
2008,tt0441773,Kung Fu Panda,No Talking between Women,FAIL,130000000,215434591,631910531,,
2008,tt1139797,L&aring;t den r&auml;tte komma in (Let the Right One In),No Talking between Women,FAIL,4500000,2122085,12247682,,
2008,tt0866439,Made of Honor,Conversation About Men Only,FAIL,40000000,46012734,106548738,,
2008,tt0765476,Meet Dave,No Talking between Women,FAIL,60000000,11803254,50648806,,
2008,tt1013753,Milk,No Talking between Women,FAIL,20000000,31841299,57293371,,
2008,tt1046997,Miracle at St. Anna,Conversation About Men Only,FAIL,45000000,7916887,9110458,,
2008,tt0910936,Pineapple Express,Conversation About Men Only,FAIL,26000000,87341380,101549277,,
2008,tt1226681,Pontypool,Less than Two Women,FAIL,1500000,3865,31916,,
2008,tt0830515,Quantum of Solace,No Talking between Women,FAIL,230000000,169368427,591692078,,
2008,tt1032755,RocknRolla,No Talking between Women,FAIL,18000000,5700626,27794339,,
2008,tt1010048,Slumdog Millionaire,No Talking between Women,FAIL,14000000,141319928,384519665,,
2008,tt0942903,Stargate: The Ark of Truth,Dubious,FAIL,7000000,N/A,N/A,,
2008,tt0838283,Step Brothers,No Talking between Women,FAIL,65000000,100468793,128468793,,
2008,tt0383028,"Synecdoche, New York",Dubious,FAIL,20000000,3083538,4383538,,
2008,tt0844286,The Brothers Bloom,Dubious,FAIL,20000000,3531756,5531756,,
2008,tt0421715,The Curious Case of Benjamin Button,Dubious,FAIL,160000000,127509326,329809326,,
2008,tt0468569,The Dark Knight,Dubious,FAIL,185000000,533345358,1002891358,,
2008,tt0865556,The Forbidden Kingdom,No Talking between Women,FAIL,55000000,52075270,129075270,,
2008,tt0887912,The Hurt Locker,No Talking between Women,FAIL,15000000,17017811,49894223,,
2008,tt0800080,The Incredible Hulk,No Talking between Women,FAIL,137500000,134806913,263417913,,
2008,tt0976051,The Reader,No Talking between Women,FAIL,32500000,34194407,113019290,,
2008,tt0482606,The Strangers,Dubious,FAIL,9000000,52597610,83051676,,
2008,tt1125849,The Wrestler,No Talking between Women,FAIL,6000000,26238243,46634275,,
2008,tt0882978,Three Kingdoms: Resurrection of the Dragon,No Talking between Women,FAIL,20000000,N/A,22139590,,
2008,tt0942385,Tropic Thunder,Less than Two Women,FAIL,90000000,110461307,188163455,,
2008,tt0985699,Valkyrie,No Talking between Women,FAIL,90000000,83077762,203902107,,
2008,tt0910970,WALL-E,No Talking between Women,FAIL,180000000,223808164,532590994,,
2008,tt1185616,Waltz with Bashir,Less than Two Women,FAIL,2000000,2283849,11125664,,
2008,tt0493464,Wanted,No Talking between Women,FAIL,75000000,134508551,342416460,,
2008,tt0494652,"Welcome Home, Roscoe Jenkins",Dubious,FAIL,27500000,42436517,43607627,,
2008,tt1068680,Yes Man,No Talking between Women,FAIL,50000000,97690976,225990976,,
2007,tt0381849,3:10 to Yuma,Less than Two Women,FAIL,48000000,53606916,71171825,,
2007,tt0389722,30 Days of Night,Conversation About Men Only,FAIL,30000000,39568996,80276156,,
2007,tt0411061,88 Minutes,No Talking between Women,FAIL,30000000,16930884,32955399,,
2007,tt0423977,Charlie Bartlett,Conversation About Men Only,FAIL,12000000,3950294,5295909,,
2007,tt0486576,Fantastic Four: Rise of the Silver Surfer,Dubious,FAIL,120000000,131921738,288215319,,
2007,tt0367959,Hannibal Rising,No Talking between Women,FAIL,50000000,27669725,80583311,,
2007,tt0465494,Hitman,Less than Two Women,FAIL,17500000,39687694,99965792,,
2007,tt0425112,Hot Fuzz,No Talking between Women,FAIL,16000000,23618786,81742618,,
2007,tt0787475,Hot Rod,No Talking between Women,FAIL,25000000,13938332,14334401,,
2007,tt0758758,Into the Wild,No Talking between Women,FAIL,20000000,18354356,56395211,,
2007,tt0337978,Live Free or Die Hard,No Talking between Women,FAIL,110000000,134529403,383531464,,
2007,tt0465538,Michael Clayton,Conversation About Men Only,FAIL,21500000,49033882,92987651,,
2007,tt0758766,Music and Lyrics,Conversation About Men Only,FAIL,40000000,50572589,145021477,,
2007,tt0477348,No Country for Old Men,Dubious,FAIL,25000000,74273505,164051250,,
2007,tt1179904,Paranormal Activity,Dubious,FAIL,450000,107918810,194183034,,
2007,tt0382932,Ratatouille,Less than Two Women,FAIL,150000000,206445654,626549695,,
2007,tt00293564,Rush Hour 3,No Talking between Women,FAIL,180000000,140125968,253025968,,
2007,tt0822854,Shooter,No Talking between Women,FAIL,60000000,47003582,95703582,,
2007,tt0448134,Sunshine,No Talking between Women,FAIL,40000000,3688560,32030610,,
2007,tt0829482,Superbad,No Talking between Women,FAIL,17500000,121463226,169863226,,
2007,tt0780622,Teeth,Dubious,FAIL,2000000,347578,2350641,,
2007,tt0825232,The Bucket List,No Talking between Women,FAIL,45000000,93466502,174310293,,
2007,tt0419887,The Kite Runner,Less than Two Women,FAIL,20000000,15800078,74180745,,
2007,tt0756683,The Man from Earth,No Talking between Women,FAIL,200000,N/A,N/A,,
2007,tt0481369,The Number 23,No Talking between Women,FAIL,32000000,35193167,77593167,,
2007,tt0780607,The Signal,Conversation About Men Only,FAIL,50000,251150,406299,,
2007,tt0857191,The Visitor,Dubious,FAIL,4000000,9427026,19174817,,
2007,tt0469494,There Will Be Blood,Less than Two Women,FAIL,25000000,40222514,77208711,,
2007,tt0453556,TMNT,No Talking between Women,FAIL,35000000,54149098,96096018,,
2007,tt0418279,Transformers,No Talking between Women,FAIL,151000000,319246193,708272592,,
2007,tt0498399,We Own the Night,Less than Two Women,FAIL,28000000,28563179,55307857,,
2007,tt0496436,White Noise 2: The Light,No Talking between Women,FAIL,10000000,N/A,8243567,,
2006,tt0416449,300,Less than Two Women,FAIL,60000000,210614939,454161935,,
2006,tt0405296,A Scanner Darkly,No Talking between Women,FAIL,20000000,5501616,7405084,,
2006,tt0450259,Blood Diamond,No Talking between Women,FAIL,100000000,57377916,171377916,,
2006,tt0479647,"Bon Cop, Bad Cop",No Talking between Women,FAIL,8000000,12671300,12671300,,
2006,tt0443453,Borat: Cultural Learnings of America for Make Benefit Glorious Nation of Kazakhstan,No Talking between Women,FAIL,18000000,128505958,261572744,,
2006,tt0317219,Cars,No Talking between Women,FAIL,70000000,244082982,461667967,,
2006,tt0381061,Casino Royale,No Talking between Women,FAIL,102000000,167365000,596365000,,
2006,tt0424345,Clerks II,Dubious,FAIL,5000000,24148068,25894473,,
2006,tt0479884,Crank,Less than Two Women,FAIL,12000000,27838408,43924923,,
2006,tt0405094,Das Leben Der Anderen,Less than Two Women,FAIL,2000000,11284657,81197047,,
2006,tt0449010,Eragon,No Talking between Women,FAIL,100000000,75030163,249488115,,
2006,tt0457572,Fido,Conversation About Men Only,FAIL,8000000,298110,419801,,
2006,tt0424095,Flushed Away,Less than Two Women,FAIL,149000000,64665672,177665672,,
2006,tt0438097,Ice Age: The Meltdown,No Talking between Women,FAIL,75000000,195330621,651899282,,
2006,tt0454848,Inside Man,Dubious,FAIL,50000000,88634237,184634237,,
2006,tt0493430,Jackass Number Two,No Talking between Women,FAIL,11000000,72778712,85278712,,
2006,tt0452637,Lady in the Water,Conversation About Men Only,FAIL,75000000,42285169,72785169,,
2006,tt0498380,Letters from Iwo Jima,No Talking between Women,FAIL,13000000,13756082,68756082,,
2006,tt0425210,Lucky Number Slevin,No Talking between Women,FAIL,27000000,22495466,55495466,,
2006,tt0483726,Man of the Year,No Talking between Women,FAIL,20000000,37442180,41342180,,
2006,tt0457510,Nacho Libre,Less than Two Women,FAIL,32000000,80197993,99296462,,
2006,tt0907657,Once,Conversation About Men Only,FAIL,150000,9445857,18997174,,
2006,tt0400717,Open Season,No Talking between Women,FAIL,85000000,85105259,189901703,,
2006,tt0401711,Paris je t&#39;aime,Dubious,FAIL,13000000,4857374,4857374,,
2006,tt0383574,Pirates of the Caribbean: Dead Man&#39;s Chest,Conversation About Men Only,FAIL,225000000,423315812,1060615812,,
2006,tt0409182,Poseidon,Conversation About Men Only,FAIL,160000000,60674817,181674817,,
2006,tt0454945,She&#39;s the Man,Conversation About Men Only,FAIL,25000000,33889159,55279608,,
2006,tt0423169,Sherrybaby,Dubious,FAIL,2000000,199176,622806,,
2006,tt0475394,Smokin&#39; Aces,Dubious,FAIL,17000000,35662731,56047261,,
2006,tt0348150,Superman Returns,No Talking between Women,FAIL,232000000,200120000,390874000,,
2006,tt0429589,The Ant Bully,Conversation About Men Only,FAIL,45000000,28142535,49610898,,
2006,tt0452594,The Break Up,No Talking between Women,FAIL,52000000,118806699,202944203,,
2006,tt0382625,The Da Vinci Code,No Talking between Women,FAIL,125000000,217536138,767820459,,
2006,tt0407887,The Departed,No Talking between Women,FAIL,90000000,133311000,290539042,,
2006,tt0414993,The Fountain,Dubious,FAIL,35000000,10144010,15461638,,
2006,tt0464049,The History Boys,No Talking between Women,FAIL,3700000,2730296,13425589,,
2006,tt0443543,The Illusionist,Less than Two Women,FAIL,16500000,39868642,83792062,,
2006,tt0410297,The Lake House,Dubious,FAIL,40000000,52330111,114830111,,
2006,tt0446755,The Painted Veil,Dubious,FAIL,19400000,8060487,15118795,,
2006,tt0482571,The Prestige,No Talking between Women,FAIL,40000000,53089891,107896006,,
2006,tt0454921,The Pursuit of Happyness,Less than Two Women,FAIL,55000000,162586036,307325633,,
2006,tt0436697,The Queen,Dubious,FAIL,15000000,56441711,128885873,,
2006,tt0460989,The Wind That Shakes the Barley,No Talking between Women,FAIL,8300000,1829142,25670174,,
2006,tt0370032,Ultraviolet,No Talking between Women,FAIL,30000000,18522064,20722064,,
2006,tt0758794,We Are Marshall,No Talking between Women,FAIL,65000000,43545364,43545364,,
2006,tt0477139,Wristcutters: A Love Story,No Talking between Women,FAIL,1000000,446165,460136,,
2006,tt0463034,"You, Me and Dupree",No Talking between Women,FAIL,54000000,75802010,130402010,,
2005,tt0372784,Batman Begins,No Talking between Women,FAIL,150000000,205343774,373298774,,
2005,tt0383222,BloodRayne,Dubious,FAIL,25000000,2405420,3605420,,
2005,tt0357507,Boogeyman,Conversation About Men Only,FAIL,20000000,46752382,67192859,,
2005,tt0393109,Brick,No Talking between Women,FAIL,450000,2075743,4087493,,
2005,tt0388795,Brokeback Mountain,No Talking between Women,FAIL,13900000,83043761,174097801,,
2005,tt0379725,Capote,Dubious,FAIL,7000000,28750530,49924079,,
2005,tt0352248,Cinderella Man,Conversation About Men Only,FAIL,88000000,61649911,108539911,,
2005,tt0360486,Constantine,No Talking between Women,FAIL,75000000,75976178,230884728,,
2005,tt0435623,Conversations with Other Women,Less than Two Women,FAIL,450000,379418,909061,,
2005,tt0121164,Corpse Bride,Dubious,FAIL,30000000,53359111,114770654,,
2005,tt0342258,Danny the dog,No Talking between Women,FAIL,43000000,24537621,49037621,,
2005,tt0342272,Dear Wendy,No Talking between Women,FAIL,8000000,23106,446438,,
2005,tt0419706,Doom,No Talking between Women,FAIL,70000000,28212337,54612337,,
2005,tt0120667,Fantastic Four,No Talking between Women,FAIL,87500000,154696080,330717080,,
2005,tt0433383,"Good Night, and Good Luck.",No Talking between Women,FAIL,7000000,31501218,56586901,,
2005,tt0330373,Harry Potter and the Goblet of Fire,No Talking between Women,FAIL,150000000,290013036,896911078,,
2005,tt0386588,Hitch,Conversation About Men Only,FAIL,55000000,177784257,366784257,,
2005,tt0450278,Hostel,No Talking between Women,FAIL,4800000,47326473,82241110,,
2005,tt0410097,Hustle &amp; Flow,Dubious,FAIL,2800000,22202809,23563727,,
2005,tt0418763,Jarhead,Less than Two Women,FAIL,72000000,62647540,96947540,,
2005,tt0360717,King Kong,Less than Two Women,FAIL,207000000,218080025,550517357,,
2005,tt0320661,Kingdom of Heaven,Less than Two Women,FAIL,110000000,47398413,218853353,,
2005,tt0373469,Kiss Kiss Bang Bang,No Talking between Women,FAIL,15000000,4235837,13105837,,
2005,tt0399295,Lord of War,Conversation About Men Only,FAIL,42000000,24149632,62142629,,
2005,tt0351283,Madagascar,Less than Two Women,FAIL,75000000,193595521,556559566,,
2005,tt0356910,Mr. &amp; Mrs. Smith,Conversation About Men Only,FAIL,110000000,186336279,478336279,,
2005,tt0408306,Munich,No Talking between Women,FAIL,75000000,47379090,130279090,,
2005,tt0380599,Oliver Twist,No Talking between Women,FAIL,65000000,2070920,26670920,,
2005,tt0358082,Robots,No Talking between Women,FAIL,80000000,128200012,260700012,,
2005,tt0432348,Saw II,Dubious,FAIL,5000000,87025093,152925093,,
2005,tt0338427,Shopgirl,Conversation About Men Only,FAIL,7500000,10284523,11758418,,
2005,tt0362165,Son of the Mask,No Talking between Women,FAIL,100000000,17018422,59918422,,
2005,tt0121766,Star Wars: Episode III - Revenge of the Sith,No Talking between Women,FAIL,115000000,380270577,848998877,,
2005,tt0382992,Stealth,No Talking between Women,FAIL,138000000,32116746,76416746,,
2005,tt0427944,Thank You for Smoking,No Talking between Women,FAIL,7500000,24793509,40016662,,
2005,tt0405422,The 40 Year Old Virgin,Conversation About Men Only,FAIL,26000000,109449237,177360047,,
2005,tt0424774,The Adventures of Sharkboy and Lavagirl 3-D,No Talking between Women,FAIL,50000000,39177684,69425966,,
2005,tt0371724,The Hitchhiker&#39;s Guide to the Galaxy,No Talking between Women,FAIL,45000000,51019112,104019112,,
2005,tt0366627,The Jacket,Conversation About Men Only,FAIL,28500000,6301131,15452978,,
2005,tt0386140,The Legend of Zorro,No Talking between Women,FAIL,80000000,45575336,141475336,,
2005,tt0402399,The New World,Dubious,FAIL,30000000,12712093,26184400,,
2005,tt0367089,The Squid and the Whale,Conversation About Men Only,FAIL,1500000,7372734,11191423,,
2005,tt0423409,Tristram Shandy: A Cock and Bull Story,Conversation About Men Only,FAIL,4750000,1253413,3061763,,
2005,tt0407304,War of the Worlds,No Talking between Women,FAIL,132000000,234280354,606836535,,
2005,tt0375210,White Noise,No Talking between Women,FAIL,10000000,56094360,92094360,,
2005,tt0406375,Zathura: A Space Adventure,Less than Two Women,FAIL,65000000,28045540,58545540,,
2004,tt0343660,50 First Dates,Conversation About Men Only,FAIL,75000000,120776832,196324496,,
2004,tt0359423,A Home at the End of The World,Dubious,FAIL,6500000,1029017,1033810,,
2004,tt0357413,Anchorman: The Legend of Ron Burgundy,Conversation About Men Only,FAIL,25000000,84136909,89366354,,
2004,tt0327437,Around the World in 80 Days,No Talking between Women,FAIL,110000000,24004159,72004159,,
2004,tt0370263,AVP: Alien vs. Predator,Dubious,FAIL,70000000,80281096,172543519,,
2004,tt0414852,Banlieue 13,Less than Two Women,FAIL,15000000,1200216,11208291,,
2004,tt0381681,Before Sunset,Less than Two Women,FAIL,2000000,5792822,11293790,,
2004,tt0369339,Collateral,Less than Two Women,FAIL,60000000,100170152,217670152,,
2004,tt0338013,Eternal Sunshine of the Spotless Mind,Conversation About Men Only,FAIL,20000000,34366518,72993444,,
2004,tt0377062,Flight of the Phoenix,Less than Two Women,FAIL,75000000,21009180,34009180,,
2004,tt0167190,Hellboy,No Talking between Women,FAIL,60000000,59623958,99823958,,
2004,tt0343818,"I, Robot",No Talking between Women,FAIL,105000000,144801023,348601023,,
2004,tt0385267,In Good Company,No Talking between Women,FAIL,26000000,45489752,63489752,,
2004,tt0373074,Kung Fu Hustle,Less than Two Women,FAIL,20000000,17104669,101004669,,
2004,tt0375912,Layer Cake,No Talking between Women,FAIL,6500000,2339957,11850214,,
2004,tt0349825,Miracle,No Talking between Women,FAIL,28000000,64378093,64474705,,
2004,tt0374900,Napoleon Dynamite,No Talking between Women,FAIL,400000,44540956,46122713,,
2004,tt0363282,New York Minute,No Talking between Women,FAIL,40000000,14018364,21215882,,
2004,tt0390384,Primer,No Talking between Women,FAIL,7000,424760,565846,,
2004,tt0350258,Ray,Dubious,FAIL,40000000,75305995,124823094,,
2004,tt0387564,Saw,Conversation About Men Only,FAIL,1200000,55185045,103096345,,
2004,tt0363988,Secret Window,No Talking between Women,FAIL,40000000,47958031,92111551,,
2004,tt0307453,Shark Tale,No Talking between Women,FAIL,75000000,161412000,367825111,,
2004,tt0316654,Spider-Man 2,No Talking between Women,FAIL,200000000,373524485,783705001,,
2004,tt0372588,Team America: World Police,Conversation About Men Only,FAIL,20000000,32774834,50274834,,
2004,tt0338751,The Aviator,No Talking between Women,FAIL,110000000,102608827,214608827,,
2004,tt0372183,The Bourne Supremacy,Conversation About Men Only,FAIL,85000000,176087450,288587450,,
2004,tt0289879,The Butterfly Effect,Conversation About Men Only,FAIL,13000000,57924679,96046844,,
2004,tt0296572,The Chronicles of Riddick,Conversation About Men Only,FAIL,120000000,57712751,107212751,,
2004,tt0362270,The Life Aquatic with Steve Zissou,Conversation About Men Only,FAIL,50000000,24006726,34806726,,
2004,tt0332280,The Notebook,Dubious,FAIL,30000000,81001787,102276787,,
2004,tt0293508,The Phantom of the Opera,Conversation About Men Only,FAIL,55000000,51225796,158225796,,
2004,tt0338348,The Polar Express,No Talking between Women,FAIL,170000000,194949659,319049659,,
2004,tt0362227,The Terminal,No Talking between Women,FAIL,75000000,77073959,218673959,,
2004,tt0327247,The Whole Ten Yards,No Talking between Women,FAIL,30000000,16323969,26323969,,
2004,tt0332452,Troy,No Talking between Women,FAIL,150000000,133298577,484161265,,
2003,tt0322259,2 Fast 2 Furious,No Talking between Women,FAIL,76000000,127120058,236220058,,
2003,tt0315733,21 grams,Dubious,FAIL,20000000,16248701,59667625,,
2003,tt0319061,Big Fish,No Talking between Women,FAIL,70000000,66432867,123432867,,
2003,tt0306685,Cradle 2 the Grave,No Talking between Women,FAIL,25000000,34657731,56434942,,
2003,tt0287978,Daredevil,Less than Two Women,FAIL,80000000,102543518,182782518,,
2003,tt0282209,Darkness Falls,No Talking between Women,FAIL,7000000,32539681,32539681,,
2003,tt0285531,Dreamcatcher,Less than Two Women,FAIL,68000000,33685268,75685268,,
2003,tt0266543,Finding Nemo,No Talking between Women,FAIL,94000000,380529370,906465556,,
2003,tt0311289,Holes,Conversation About Men Only,FAIL,20000000,67383924,72383924,,
2003,tt0329717,Hollywood Homicide,No Talking between Women,FAIL,75000000,30207785,51107785,,
2003,tt0251127,How to Lose a Guy in 10 Days,Conversation About Men Only,FAIL,50000000,105807520,177079973,,
2003,tt0286716,Hulk,No Talking between Women,FAIL,137000000,132177234,245229234,,
2003,tt0309698,Identity,No Talking between Women,FAIL,28000000,52131264,82183683,,
2003,tt0325703,Lara Croft Tomb Raider: The Cradle of Life,Less than Two Women,FAIL,90000000,65653758,156453758,,
2003,tt0335266,Lost In Translation,Dubious,FAIL,4000000,44585453,112550685,,
2003,tt0311113,Master and Commander: The Far Side of the World,Less than Two Women,FAIL,135000000,93926386,212912137,,
2003,tt0325980,Pirates of the Caribbean: The Curse of the Black Pearl,Conversation About Men Only,FAIL,125000000,305411224,634954103,,
2003,tt0327137,Secondhand Lions,No Talking between Women,FAIL,30000000,42070939,47902566,,
2003,tt0300471,Shanghai Knights,No Talking between Women,FAIL,50000000,60470220,88316835,,
2003,tt0323944,Shattered Glass,Conversation About Men Only,FAIL,6000000,2207975,2932719,,
2003,tt0165982,Sinbad: Legend of the Seven Seas,Conversation About Men Only,FAIL,60000000,26483452,80767884,,
2003,tt0337741,Something&#39;s Gotta Give,Dubious,FAIL,80000000,124685242,266685242,,
2003,tt0317740,The Italian Job,No Talking between Women,FAIL,60000000,106126012,176262839,,
2003,tt0283426,The Jungle Book 2,Less than Two Women,FAIL,20000000,47901582,135703599,,
2003,tt0325710,The Last Samurai,Less than Two Women,FAIL,140000000,111110575,456810575,,
2003,tt0311429,The League of Extraordinary Gentlemen,Less than Two Women,FAIL,78000000,66465204,179265204,,
2003,tt0167260,The Lord of the Rings: The Return of the King,No Talking between Women,FAIL,94000000,377845905,1141408667,,
2003,tt0332379,The School of Rock,Dubious,FAIL,20000000,81261177,131161177,,
2003,tt0300556,Timeline,No Talking between Women,FAIL,80000000,19480739,26703184,,
2003,tt0320691,Underworld,Dubious,FAIL,22000000,51970690,95708457,,
2002,tt0307901,25th Hour,Conversation About Men Only,FAIL,4500000,13084595,25344490,,
2002,tt0298203,8 Mile,No Talking between Women,FAIL,41000000,116724075,242924075,,
2002,tt0257360,About Schmidt,No Talking between Women,FAIL,30000000,65005217,105823486,,
2002,tt0268126,Adaptation,Dubious,FAIL,18500000,22498520,22498520,,
2002,tt0168786,Antwone Fisher,No Talking between Women,FAIL,12500000,21078145,23367586,,
2002,tt0295178,Austin Powers in Goldmember,No Talking between Women,FAIL,63000000,213117789,292738626,,
2002,tt0187738,Blade II,No Talking between Women,FAIL,54000000,81676888,154338601,,
2002,tt0264464,Catch Me If You Can,No Talking between Women,FAIL,52000000,164606800,351106800,,
2002,tt0266452,Death to Smoochy,Conversation About Men Only,FAIL,50000000,8355815,8374062,,
2002,tt0246460,Die Another Day,Conversation About Men Only,FAIL,142000000,160942139,431942139,,
2002,tt0303933,Drumline,No Talking between Women,FAIL,20000000,56398162,56398162,,
2002,tt0238380,Equilibrium,No Talking between Women,FAIL,20000000,1190018,5345869,,
2002,tt0120679,Frida,Conversation About Men Only,FAIL,12000000,25885000,55710675,,
2002,tt0217505,Gangs of New York,No Talking between Women,FAIL,97000000,77730500,190400000,,
2002,tt0302674,Gerry,Less than Two Women,FAIL,7000000,254683,254683,,
2002,tt0297181,I Spy,No Talking between Women,FAIL,70000000,33561137,60279822,,
2002,tt0268380,Ice Age,Less than Two Women,FAIL,65000000,176387405,386116343,,
2002,tt0280760,Igby Goes Down,Conversation About Men Only,FAIL,9000000,4777465,4777465,,
2002,tt0278504,Insomnia,No Talking between Women,FAIL,46000000,67263182,113622499,,
2002,tt0120912,Men in Black II,No Talking between Women,FAIL,140000000,190418803,441767803,,
2002,tt0181689,Minority Report,No Talking between Women,FAIL,102000000,132024714,358824714,,
2002,tt0280590,Mr Deeds,Conversation About Men Only,FAIL,50000000,126293452,171269535,,
2002,tt0183649,Phone Booth,No Talking between Women,FAIL,11000000,46566212,97837138,,
2002,tt0289765,Red Dragon,No Talking between Women,FAIL,78000000,92955420,206455420,,
2002,tt0253556,Reign of Fire,No Talking between Women,FAIL,60000000,43061982,82150183,,
2002,tt0286106,Signs,No Talking between Women,FAIL,70702619,227965690,408265690,,
2002,tt0281373,Snow Dogs,No Talking between Women,FAIL,32000000,81150692,116898028,,
2002,tt0307479,Solaris,No Talking between Women,FAIL,47000000,14970038,14970038,,
2002,tt0145487,Spider-Man,No Talking between Women,FAIL,139000000,403706375,821565375,,
2002,tt0166813,Spirit: Stallion of the Cimarron,Less than Two Women,FAIL,80000000,73215310,106515310,,
2002,tt0253754,Star Trek: Nemesis,No Talking between Women,FAIL,60000000,43254409,67312826,,
2002,tt0121765,Star Wars: Episode II - Attack of the Clones,Dubious,FAIL,115000000,310676740,656695615,,
2002,tt0180052,The Adventures of Pluto Nash,Conversation About Men Only,FAIL,100000000,4411102,7094995,,
2002,tt0258463,The Bourne Identity,No Talking between Women,FAIL,60000000,121468960,213300000,,
2002,tt0238924,The Dangerous Lives of Altar Boys,No Talking between Women,FAIL,12000000,1779284,1779284,,
2002,tt0167261,The Lord of the Rings: The Two Towers,No Talking between Women,FAIL,94000000,342548984,927048984,,
2002,tt0258068,The Quiet American,Conversation About Men Only,FAIL,20000000,12987647,26348203,,
2002,tt0292644,The Rules of Attraction,Dubious,FAIL,4000000,6525762,11799060,,
2002,tt0304669,The Santa Clause 2,No Talking between Women,FAIL,65000000,139225854,172825854,,
2002,tt0293662,The Transporter,Less than Two Women,FAIL,21000000,25296447,43928932,,
2002,tt0290095,The Tuxedo,Less than Two Women,FAIL,60000000,50586000,104429625,,
2002,tt0133240,Treasure Planet,No Talking between Women,FAIL,100000000,38120554,91800000,,
2002,tt0295701,xXx,No Talking between Women,FAIL,70000000,141930000,267200000,,
2001,tt0268978,A Beautiful Mind,No Talking between Women,FAIL,78000000,170708996,317668058,,
2001,tt0183790,A Knight&#39;s Tale,Conversation About Men Only,FAIL,41000000,56083966,100622586,,
2001,tt0244000,American Outlaws,No Talking between Women,FAIL,35000000,13264986,13264986,,
2001,tt0218817,Antitrust,Conversation About Men Only,FAIL,30000000,10965209,17865209,,
2001,tt0212720,Artificial Intelligence: AI,No Talking between Women,FAIL,90000000,78616689,235900000,,
2001,tt0230011,Atlantis: The Lost Empire,No Talking between Women,FAIL,90000000,84052762,186049020,,
2001,tt0265086,Black Hawk Down,Less than Two Women,FAIL,95000000,108638745,159691085,,
2001,tt0221027,Blow,No Talking between Women,FAIL,30000000,52990775,83282296,,
2001,tt0246578,Donnie Darko,Dubious,FAIL,4500000,1270522,7696529,,
2001,tt0120681,From Hell,Dubious,FAIL,35000000,31598308,68712365,,
2001,tt0160399,Impostor,Less than Two Women,FAIL,40000000,6114237,6114237,,
2001,tt0035423,Kate &amp; Leopold,Conversation About Men Only,FAIL,48000000,47095453,70937778,,
2001,tt0271027,Kiss of the Dragon,No Talking between Women,FAIL,25000000,36833473,36833473,,
2001,tt0242587,L.I.E.,No Talking between Women,FAIL,700000,1140965,1140965,,
2001,tt0146316,Lara Croft: Tomb Raider,Less than Two Women,FAIL,94000000,131144183,274644183,,
2001,tt0166276,Monkeybone,Dubious,FAIL,75000000,5409517,5409517,,
2001,tt0198781,"Monsters, Inc.",No Talking between Women,FAIL,115000000,289423425,559757719,,
2001,tt0240772,Ocean&#39;s Eleven,No Talking between Women,FAIL,85000000,183417150,450728529,,
2001,tt0181739,Osmosis Jones,Dubious,FAIL,70000000,13596911,13596911,,
2001,tt0213149,Pearl Harbor,Conversation About Men Only,FAIL,151500000,198539855,449239855,,
2001,tt0286112,Shaolin Soccer,Less than Two Women,FAIL,10000000,488872,42776032,,
2001,tt0126029,Shrek,No Talking between Women,FAIL,50000000,267655011,491812794,,
2001,tt0247745,Super Troopers,No Talking between Women,FAIL,3000000,18492362,23046142,,
2001,tt0232500,The Fast and the Furious,No Talking between Women,FAIL,38000000,144512310,206512310,,
2001,tt0120737,The Lord of the Rings: The Fellowship of the Ring,No Talking between Women,FAIL,109000000,315544750,887217688,,
2001,tt0268995,The Majestic,No Talking between Women,FAIL,72000000,27796042,37306334,,
2001,tt0267804,The One,Less than Two Women,FAIL,49000000,43905746,43905746,,
2001,tt0245674,Thir13en Ghosts,No Talking between Women,FAIL,19000000,41867960,68467960,,
2001,tt0139654,Training Day,No Talking between Women,FAIL,45000000,76261036,104505362,,
2001,tt0242998,Valentine,Conversation About Men Only,FAIL,10000000,20384136,20384136,,
2001,tt0259711,Vanilla Sky,No Talking between Women,FAIL,70000000,100614858,202726605,,
2000,tt0144084,American Psycho,No Talking between Women,FAIL,8000000,15070285,28674417,,
2000,tt0181984,Boiler Room,No Talking between Women,FAIL,9000000,16963963,28773637,,
2000,tt0162222,Cast Away,No Talking between Women,FAIL,85000000,233632142,427230516,,
2000,tt0200550,Coyote Ugly,Conversation About Men Only,FAIL,45000000,60786269,115786269,,
2000,tt0242423,"Dude, Where&#39;s My Car",Conversation About Men Only,FAIL,14000000,46729374,73180297,,
2000,tt0195714,Final Destination,No Talking between Women,FAIL,23000000,53302314,112036870,,
2000,tt0172495,Gladiator,Less than Two Women,FAIL,103000000,187683805,457683805,,
2000,tt0187078,Gone in Sixty Seconds,No Talking between Women,FAIL,103300000,101643008,232643008,,
2000,tt0146882,High Fidelity,Conversation About Men Only,FAIL,20000000,27277055,47881663,,
2000,tt0185431,Little Nicky,No Talking between Women,FAIL,80000000,39442871,58270391,,
2000,tt0212338,Meet the Parents,Conversation About Men Only,FAIL,55000000,166225040,304599899,,
2000,tt0209144,Memento,No Talking between Women,FAIL,5000000,25544867,39723096,,
2000,tt0183523,Mission to Mars,No Talking between Women,FAIL,90000000,60874615,106000000,,
2000,tt0190590,"O Brother, Where Art Thou?",Less than Two Women,FAIL,26000000,45506619,75763814,,
2000,tt0257001,Pokemon: The Movie 2000,Conversation About Men Only,FAIL,30000000,43746923,133946923,,
2000,tt0199753,Red Planet,Less than Two Women,FAIL,80000000,17480890,33463969,,
2000,tt0210945,Remember the Titans,No Talking between Women,FAIL,30000000,115654751,136706683,,
2000,tt0122459,Return to Me,Dubious,FAIL,24000000,32662299,32662299,,
2000,tt0165929,Romeo Must Die,Less than Two Women,FAIL,25000000,55973336,91036760,,
2000,tt0203119,Sexy Beast,Conversation About Men Only,FAIL,4300000,6946056,10154577,,
2000,tt0184894,Shanghai Noon,No Talking between Women,FAIL,55000000,56932305,71189835,,
2000,tt0208092,Snatch.,Less than Two Women,FAIL,10000000,30093107,83593107,,
2000,tt0163978,The Beach,No Talking between Women,FAIL,50000000,39778599,39778599,,
2000,tt0209958,The Cell,Conversation About Men Only,FAIL,35000000,61280963,85911226,,
2000,tt0219699,The Gift,Dubious,FAIL,10000000,12008642,44567606,,
2000,tt0187393,The Patriot,Dubious,FAIL,110000000,113330342,215300000,,
2000,tt0138749,The Road to El Dorado,Less than Two Women,FAIL,95000000,50802661,65700000,,
2000,tt0202677,The Way of the Gun,Conversation About Men Only,FAIL,9000000,6047856,13061935,,
2000,tt0146309,Thirteen days,No Talking between Women,FAIL,80000000,34566746,66554547,,
2000,tt0217869,Unbreakable,Less than Two Women,FAIL,73243106,94999143,248099143,,
2000,tt0182508,Urbania,No Talking between Women,FAIL,225000,1032075,1032075,,
2000,tt0190865,Vertical Limit,No Talking between Women,FAIL,75000000,68473360,213500000,,
2000,tt0207201,What Women Want,No Talking between Women,FAIL,65000000,182805123,372100000,,
2000,tt0120903,X-Men,No Talking between Women,FAIL,75000000,157299717,296339717,,
1999,tt0134273,8MM,No Talking between Women,FAIL,40000000,36443442,96398826,,
1999,tt0163651,American Pie,Conversation About Men Only,FAIL,12000000,101800948,234723148,,
1999,tt0122933,Analyze This,No Talking between Women,FAIL,30000000,106885658,176885658,,
1999,tt0166485,Anna and the King,Conversation About Men Only,FAIL,75000000,39251128,39251128,,
1999,tt0149691,Anywhere But Here,Dubious,FAIL,23000000,18653615,18653615,,
1999,tt0145660,Austin Powers: The Spy Who Shagged Me,No Talking between Women,FAIL,35000000,206040085,310332636,,
1999,tt0181316,Blue Streak,No Talking between Women,FAIL,36000000,68208190,117448157,,
1999,tt0120655,Dogma,Dubious,FAIL,10000000,30651422,43948865,,
1999,tt0137523,Fight Club,No Talking between Women,FAIL,65000000,37030102,100853753,,
1999,tt0155711,Flawless,No Talking between Women,FAIL,27000000,4485485,4485485,,
1999,tt0126916,For Love of the Game,Conversation About Men Only,FAIL,50000000,35188640,46112640,,
1999,tt0177789,Galaxy Quest,No Talking between Women,FAIL,45000000,71423726,90523726,,
1999,tt0175880,Magnolia,No Talking between Women,FAIL,37000000,22450975,48446802,,
1999,tt0132347,Mystery Men,Less than Two Women,FAIL,68000000,29762011,33462011,,
1999,tt0151804,Office Space,No Talking between Women,FAIL,10000000,10827813,12827813,,
1999,tt0120784,Payback,No Talking between Women,FAIL,50000000,81526121,161626121,,
1999,tt0190641,Pocket Monsters: Mewtwo Strikes Back!,No Talking between Women,FAIL,30000000,85744662,163644662,,
1999,tt0129332,Ravenous,No Talking between Women,FAIL,12000000,2062406,2062406,,
1999,tt0158983,South Park: Bigger Longer &amp; Uncut,Dubious,FAIL,21000000,52037603,52037603,,
1999,tt0164912,Stuart Little,No Talking between Women,FAIL,105000000,140015224,298800000,,
1999,tt0120855,Tarzan,Conversation About Men Only,FAIL,145000000,171091819,448191819,,
1999,tt0120657,The 13th Warrior,Dubious,FAIL,125000000,32698899,61698899,,
1999,tt0144117,The Boondock Saints,Less than Two Women,FAIL,7000000,30471,411874,,
1999,tt0120689,The Green Mile,No Talking between Women,FAIL,60000000,136801374,290701374,,
1999,tt0129167,The Iron Giant,Less than Two Women,FAIL,50000000,23159305,31333917,,
1999,tt0120616,The Mummy,No Talking between Women,FAIL,80000000,155385488,416385488,,
1999,tt0167404,The Sixth Sense,Dubious,FAIL,40000000,293506292,672806292,,
1999,tt0134119,The Talented Mr. Ripley,Dubious,FAIL,40000000,81292135,128792135,,
1999,tt0144640,Three to Tango,No Talking between Women,FAIL,20000000,10570375,10570375,,
1999,tt0120363,Toy Story 2,No Talking between Women,FAIL,90000000,245852179,511358276,,
1999,tt0120458,Virus,Dubious,FAIL,75000000,14010690,30626690,,
1999,tt0120891,Wild Wild West,Conversation About Men Only,FAIL,175000000,113805681,221229335,,
1999,tt0131646,Wing Commander,Conversation About Men Only,FAIL,30000000,11578022,11578022,,
1998,tt0120577,54,No Talking between Women,FAIL,13000000,16757163,16757163,,
1998,tt0120586,American History X,Conversation About Men Only,FAIL,10000000,6719864,6719864,,
1998,tt0120591,Armageddon,No Talking between Women,FAIL,140000000,201578182,554600000,,
1998,tt0120611,Blade,No Talking between Women,FAIL,45000000,70141876,131237688,,
1998,tt0144120,Bride of Chucky,No Talking between Women,FAIL,25000000,32404188,50692188,,
1998,tt0118789,Buffalo &#39;66,No Talking between Women,FAIL,1500000,2380606,2380606,,
1998,tt0118929,Dark City,No Talking between Women,FAIL,27000000,14435076,27257061,,
1998,tt0134619,Disturbing Behavior,No Talking between Women,FAIL,15000000,17507368,17507368,,
1998,tt0120660,Enemy of the State,No Talking between Women,FAIL,85000000,111549836,250649836,,
1998,tt0120669,Fear and Loathing in Las Vegas,No Talking between Women,FAIL,18500000,10680275,13711903,,
1998,tt0154420,Festen (The Celebration),Dubious,FAIL,1300000,1647780,1647780,,
1998,tt0162973,Get Real,Conversation About Men Only,FAIL,2000000,1152411,1152411,,
1998,tt0120685,Godzilla,Dubious,FAIL,125000000,136314294,376000000,,
1998,tt0120735,"Lock, Stock and Two Smoking Barrels",No Talking between Women,FAIL,1350000,3897569,28356188,,
1998,tt0120749,Mercury Rising,No Talking between Women,FAIL,60000000,32983332,32983332,,
1998,tt0120762,Mulan,Dubious,FAIL,90000000,120620254,303500000,,
1998,tt0120780,Out of Sight,Conversation About Men Only,FAIL,48000000,37562568,77562568,,
1998,tt0138704,Pi,Conversation About Men Only,FAIL,68000,3221152,4678513,,
1998,tt0128442,Rounders,No Talking between Women,FAIL,12000000,22921898,22921898,,
1998,tt0130827,Run Lola Run,No Talking between Women,FAIL,1750000,7267324,14533173,,
1998,tt0128445,Rushmore,No Talking between Women,FAIL,10000000,17105219,19080435,,
1998,tt0120813,Safe Men,Less than Two Women,FAIL,1000000,21210,21210,,
1998,tt0120815,Saving Private Ryan,Less than Two Women,FAIL,65000000,216335085,485035085,,
1998,tt0120828,Six Days Seven Nights,No Talking between Women,FAIL,80000000,74339294,164800000,,
1998,tt0122718,Small Soldiers,No Talking between Women,FAIL,40000000,55143823,71743823,,
1998,tt0120184,Sphere,No Talking between Women,FAIL,73000000,37068294,50168294,,
1998,tt0118715,The Big Lebowski,No Talking between Women,FAIL,15000000,17498804,46189568,,
1998,tt0133751,The Faculty,Dubious,FAIL,15000000,40283321,40283321,,
1998,tt0120744,The Man in the Iron Mask,No Talking between Women,FAIL,35000000,56968169,56968169,,
1998,tt0120746,The Mask of Zorro,No Talking between Women,FAIL,65000000,93828745,233700000,,
1998,tt0120768,The Negotiator,No Talking between Women,FAIL,50000000,44705766,49105766,,
1998,tt0120794,The Prince of Egypt,No Talking between Women,FAIL,60000000,101413188,218600000,,
1998,tt0120108,The Proposition,Conversation About Men Only,FAIL,20000000,1903434,5313608,,
1998,tt0120863,The Thin Red Line,No Talking between Women,FAIL,52000000,36400491,36400491,,
1998,tt0120382,The Truman Show,No Talking between Women,FAIL,60000000,125618201,248400000,,
1998,tt0120877,Vampires (John Carpenter&#39;s),Less than Two Women,FAIL,20000000,20268825,20268825,,
1998,tt0120879,Velvet Goldmine,Conversation About Men Only,FAIL,9000000,1053788,4861972,,
1998,tt0120890,Wild Things,Conversation About Men Only,FAIL,20000000,29795299,55576699,,
1997,tt0118570,Air Bud,No Talking between Women,FAIL,3000000,24646936,27788649,,
1997,tt0118571,Air Force One,No Talking between Women,FAIL,85000000,172956409,315268353,,
1997,tt0118655,Austin Powers: International Man of Mystery,Conversation About Men Only,FAIL,18000000,53883989,67683989,,
1997,tt0118688,Batman &amp; Robin,Conversation About Men Only,FAIL,125000000,107325195,238317814,,
1997,tt0118749,Boogie Nights,Dubious,FAIL,15000000,26410771,43111725,,
1997,tt0118880,Con Air,No Talking between Women,FAIL,80000000,101117573,224117573,,
1997,tt0118883,Conspiracy Theory,Conversation About Men Only,FAIL,80000000,76118990,142783718,,
1997,tt0119137,Flubber,Conversation About Men Only,FAIL,80000000,92993801,177993801,,
1997,tt0119177,Gattaca,No Talking between Women,FAIL,36000000,12532777,12532777,,
1997,tt0119217,Good Will Hunting,Less than Two Women,FAIL,10000000,138433435,225933435,,
1997,tt0119361,In the Company of Men,No Talking between Women,FAIL,25000,2883661,2883661,,
1997,tt0119468,Kiss the Girls,Conversation About Men Only,FAIL,27000000,60527873,60527873,,
1997,tt0119488,L.A. Confidential,No Talking between Women,FAIL,35000000,64604977,110604977,,
1997,tt0119528,Liar Liar,No Talking between Women,FAIL,45000000,181410615,302710615,,
1997,tt0119654,Men in Black,No Talking between Women,FAIL,90000000,250690539,587790539,,
1997,tt0417001,Must love Dogs,Conversation About Men Only,FAIL,35000000,43894863,58894863,,
1997,tt0119738,My Best Friend&#39;s Wedding,Conversation About Men Only,FAIL,46000000,126813153,298923419,,
1997,tt0124819,Orgazmo,No Talking between Women,FAIL,1000000,582024,627287,,
1997,tt0119116,The Fifth Element,No Talking between Women,FAIL,95000000,63570862,263900000,,
1997,tt0119174,The Game,No Talking between Women,FAIL,50000000,48265581,48265581,,
1997,tt0119567,The Lost World: Jurassic Park,Dubious,FAIL,75000000,229086679,786686679,,
1997,tt0119874,The Peacemaker,Dubious,FAIL,50000000,41263140,62967368,,
1997,tt0119925,The Postman,No Talking between Women,FAIL,80000000,17650704,17650704,,
1996,tt0115591,August,Dubious,FAIL,3400000,12636,12636,,
1996,tt0115759,Broken Arrow,Less than Two Women,FAIL,65000000,70645997,148345997,,
1996,tt0115857,Chain Reaction,No Talking between Women,FAIL,55000000,21226204,60209334,,
1996,tt0116136,DragonHeart,Conversation About Men Only,FAIL,57000000,51364680,104364680,,
1996,tt0116225,Escape from L.A.,No Talking between Women,FAIL,50000000,25426861,25426861,,
1996,tt0116367,From Dusk Till Dawn,No Talking between Women,FAIL,20000000,25728961,25728961,,
1996,tt0116477,Hamlet,No Talking between Women,FAIL,2000000,1577287,2419669,,
1996,tt0116705,Jingle All the Way,No Talking between Women,FAIL,60000000,60592389,129832389,,
1996,tt0116778,Kingpin,No Talking between Women,FAIL,25000000,25023424,32223424,,
1996,tt0117060,Mission: Impossible,No Talking between Women,FAIL,80000000,180981886,457697994,,
1996,tt0117509,Romeo + Juliet,Dubious,FAIL,14500000,46338728,147542381,,
1996,tt0117705,Space Jam,No Talking between Women,FAIL,80000000,90463534,250200000,,
1996,tt0117723,Spy Hard,No Talking between Women,FAIL,18000000,26936265,26936265,,
1996,tt0117765,Striptease,Dubious,FAIL,50000000,33109743,113309743,,
1996,tt0115798,The Cable Guy,No Talking between Women,FAIL,47000000,60240295,102825796,,
1996,tt0116277,The Fan,No Talking between Women,FAIL,55000000,18582965,18582965,,
1996,tt0116421,The Glimmer Man,No Talking between Women,FAIL,45000000,20404841,36404841,,
1996,tt0116583,The Hunchback of Notre Dame,No Talking between Women,FAIL,100000000,100138851,325500000,,
1996,tt0116908,The Long Kiss Goodnight,No Talking between Women,FAIL,65000000,33447612,33447612,,
1996,tt0117500,The Rock,No Talking between Women,FAIL,75000000,134069511,336069511,,
1996,tt0117951,Trainspotting,Conversation About Men Only,FAIL,3100000,16501785,24000785,,
1995,tt0112401,Assassins,No Talking between Women,FAIL,50000000,30306268,83306268,,
1995,tt0112462,Batman Forever,No Talking between Women,FAIL,100000000,184031112,336529144,,
1995,tt0112471,Before Sunrise,Less than Two Women,FAIL,2500000,5274005,5274005,,
1995,tt0112573,Braveheart,Conversation About Men Only,FAIL,72000000,75545647,209000000,,
1995,tt0112641,Casino,Conversation About Men Only,FAIL,52000000,42438300,110400000,,
1995,tt0112715,Congo,Less than Two Women,FAIL,50000000,81022333,152022333,,
1995,tt0112722,Copycat,Dubious,FAIL,20000000,32051917,32051917,,
1995,tt0112864,Die Hard: With a Vengeance,No Talking between Women,FAIL,90000000,100012499,364480746,,
1995,tt0113101,Four rooms,No Talking between Women,FAIL,4000000,4301000,4301000,,
1995,tt0113749,Mallrats,No Talking between Women,FAIL,6100000,2108367,2108367,,
1995,tt0113855,Mortal Kombat,No Talking between Women,FAIL,20000000,70433227,122133227,,
1995,tt0114369,Se7en,No Talking between Women,FAIL,30000000,100125643,328125643,,
1995,tt0114508,Species,Dubious,FAIL,35000000,60054449,113354449,,
1995,tt0114214,The Quick and the Dead,No Talking between Women,FAIL,32000000,18552460,18552460,,
1995,tt0114814,The Usual Suspects,No Talking between Women,FAIL,6000000,23341568,34449356,,
1995,tt0114709,Toy Story,No Talking between Women,FAIL,30000000,191780865,364530148,,
1995,tt0114746,Twelve Monkeys,No Talking between Women,FAIL,29000000,57141459,168841459,,
1995,tt0114898,Waterworld,Less than Two Women,FAIL,175000000,88246220,264246220,,
1994,tt0109040,Ace Ventura: Pet Detective,Conversation About Men Only,FAIL,12000000,72217396,107217396,,
1994,tt0109254,Beverly Hills Cop III,Less than Two Women,FAIL,50000000,42586861,119180938,,
1994,tt0109445,Clerks.,No Talking between Women,FAIL,27000,3073428,3894240,,
1994,tt0109686,Dumb &amp; Dumber,Conversation About Men Only,FAIL,16000000,127175374,246400000,,
1994,tt0109830,Forrest Gump,No Talking between Women,FAIL,55000000,329694499,679400525,,
1994,tt0110622,Naked Gun 33 1/3: The Final Insult,Conversation About Men Only,FAIL,30000000,51041856,51041856,,
1994,tt0110857,Police Academy: Mission to Moscow,No Talking between Women,FAIL,10000000,126247,126247,,
1994,tt0111282,Stargate,No Talking between Women,FAIL,55000000,71565669,196565669,,
1994,tt0110074,The Hudsucker Proxy,No Talking between Women,FAIL,40000000,2816518,14938149,,
1994,tt0110357,The Lion King,No Talking between Women,FAIL,79300000,422780140,952880140,,
1994,tt0110475,The Mask,No Talking between Women,FAIL,18000000,119920129,351620129,,
1994,tt0111070,The Santa Clause,No Talking between Women,FAIL,22000000,144833357,189800000,,
1994,tt0111143,The Shadow,Less than Two Women,FAIL,40000000,31835600,31835600,,
1994,tt0111161,The Shawshank Redemption,Less than Two Women,FAIL,25000000,28241469,28241469,,
1994,tt0111255,The Specialist,No Talking between Women,FAIL,45000000,57362581,57362581,,
1994,tt0111438,Timecop,No Talking between Women,FAIL,28000000,44853581,102053581,,
1994,tt0111503,True Lies,No Talking between Women,FAIL,100000000,146282411,365300000,,
1993,tt0106582,Cliffhanger,No Talking between Women,FAIL,65000000,84049211,255000000,,
1993,tt0106611,Cool Runnings,No Talking between Women,FAIL,14000000,68856263,155056263,,
1993,tt0107007,Gettysburg,Less than Two Women,FAIL,25000000,10731997,10731997,,
1993,tt0107048,Groundhog Day,Conversation About Men Only,FAIL,14600000,70906973,70906973,,
1993,tt0108255,Super Mario Bros.,Dubious,FAIL,42000000,20844907,20844907,,
1993,tt0106977,The Fugitive,Conversation About Men Only,FAIL,44000000,183875760,353715317,,
1993,tt0112389,The Princess and the Cobbler,Less than Two Women,FAIL,24000000,669276,669276,,
1993,tt0107943,The Remains of the Day,Less than Two Women,FAIL,15000000,22954968,63954968,,
1992,tt0104257,A Few Good Men,No Talking between Women,FAIL,33000000,141340178,236500000,,
1992,tt0103639,Aladdin,Less than Two Women,FAIL,28000000,217350219,504050219,,
1992,tt0103644,Alien 3,Less than Two Women,FAIL,55000000,54927174,158500000,,
1992,tt0106308,Army of Darkness,Conversation About Men Only,FAIL,11000000,11502976,21502976,,
1992,tt0103776,Batman Returns,Less than Two Women,FAIL,80000000,162833635,266824291,,
1992,tt0104815,El Mariachi,Less than Two Women,FAIL,7000,2040920,2041928,,
1992,tt0104348,Glengarry Glen Ross,Less than Two Women,FAIL,12500000,10725228,10725228,,
1992,tt0104412,Hero,No Talking between Women,FAIL,42000000,19487173,66787173,,
1992,tt0104431,Home Alone 2: Lost in New York,No Talking between Women,FAIL,20000000,173585516,358994850,,
1992,tt0104797,Malcolm X,Dubious,FAIL,35000000,48169910,48169910,,
1992,tt0104952,My Cousin Vinny,No Talking between Women,FAIL,11000000,52929168,52929168,,
1992,tt0105236,Reservoir Dogs,Less than Two Women,FAIL,1200000,2832029,2832029,,
1992,tt0104036,The Crying Game,Conversation About Men Only,FAIL,4000000,62546695,62546695,,
1992,tt0104868,The Mighty Ducks,No Talking between Women,FAIL,10000000,50752337,50752337,,
1992,tt0104940,The Muppet Christmas Carol,No Talking between Women,FAIL,12000000,27281507,27281507,,
1992,tt0105793,Wayne&#39;s World,No Talking between Women,FAIL,20000000,121697323,183097323,,
1991,tt0101452,Bill &amp; Ted&#39;s Bogus Journey,No Talking between Women,FAIL,20000000,37537675,37537675,,
1991,tt0102057,Hook,Conversation About Men Only,FAIL,70000000,119654823,300854823,,
1991,tt0102798,Robin Hood: Prince of Thieves,Dubious,FAIL,50000000,165493908,390500000,,
1991,tt0102975,Star Trek VI: The Undiscovered Country,Conversation About Men Only,FAIL,27000000,74888996,96900000,,
1991,tt0103064,Terminator 2: Judgement Day,Dubious,FAIL,100000000,204859496,516816151,,
1991,tt0102510,The Naked Gun 2 1/2: The Smell of Fear,No Talking between Women,FAIL,23000000,86930411,86930411,,
1991,tt0103247,White Fang,No Talking between Women,FAIL,14000000,34729091,34729091,,
1990,tt0099088,Back to the Future Part III,No Talking between Women,FAIL,40000000,87666629,243700000,,
1990,tt0099817,Dark Angel (I Come in Peace),Less than Two Women,FAIL,7000000,4372561,4372561,,
1990,tt0099423,Die Hard 2,Dubious,FAIL,70000000,117323878,239814025,,
1990,tt0099653,Ghost,Conversation About Men Only,FAIL,22000000,217631306,517600000,,
1990,tt0099685,Goodfellas,Conversation About Men Only,FAIL,25000000,46743809,46743809,,
1990,tt0099785,Home Alone,Conversation About Men Only,FAIL,15000000,285761243,476684675,,
1990,tt0100403,Predator 2,Conversation About Men Only,FAIL,35000000,28317513,54768418,,
1990,tt0099810,The Hunt for Red October,No Talking between Women,FAIL,30000000,120709866,200500000,,
1990,tt0100802,Total Recall,No Talking between Women,FAIL,125000000,58877969,198615996,,
1989,tt0096895,Batman,No Talking between Women,FAIL,35000000,251188924,411348924,,
1989,tt0096928,Bill &amp; Ted&#39;s Excellent Adventure,Conversation About Men Only,FAIL,10000000,40485039,40485039,,
1989,tt0097165,Dead Poets Society,No Talking between Women,FAIL,16400000,95860116,239500000,,
1989,tt0097576,Indiana Jones and the Last Crusade,Less than Two Women,FAIL,48000000,197171806,474171806,,
1989,tt0097742,Licence to Kill,Conversation About Men Only,FAIL,42000000,34667015,156167015,,
1989,tt0097815,Major League,No Talking between Women,FAIL,11000000,49793054,49793054,,
1989,tt0098206,Road House,No Talking between Women,FAIL,10000000,30050028,30050028,,
1989,tt0098724,"Sex, Lies, and Videotape",Conversation About Men Only,FAIL,1200000,24741667,36741667,,
1989,tt0098382,Star Trek V: The Final Frontier,No Talking between Women,FAIL,30000000,52210049,70200000,,
1989,tt0098546,UHF,No Talking between Women,FAIL,5000000,6157157,6157157,,
1988,tt0094612,Action Jackson,No Talking between Women,FAIL,7000000,20257000,20257000,,
1988,tt0094625,Akira,No Talking between Women,FAIL,8000000,19585,19585,,
1988,tt0092675,Bloodsport,No Talking between Women,FAIL,1500000,11806119,11806119,,
1988,tt0095631,Midnight Run,Conversation About Men Only,FAIL,30000000,38413606,81613606,,
1988,tt0095953,Rain Man,No Talking between Women,FAIL,25000000,172825435,412800000,,
1988,tt0095497,The Last Temptation of Christ,Conversation About Men Only,FAIL,7000000,8373585,8373585,,
1988,tt0096256,They Live,Less than Two Women,FAIL,4000000,13000000,13000000,,
1988,tt0096320,Twins,Conversation About Men Only,FAIL,15000000,111936388,216600000,,
1988,tt0096438,Who Framed Roger Rabbit,No Talking between Women,FAIL,70000000,154112492,351500000,,
1988,tt0096487,Young Guns,No Talking between Women,FAIL,13000000,44726644,44726644,,
1987,tt0092644,Beverly Hills Cop II,No Talking between Women,FAIL,20000000,153665036,276665036,,
1987,tt0092991,Evil Dead II,Dubious,FAIL,3500000,5923044,5923044,,
1987,tt0093010,Fatal Attraction,Dubious,FAIL,14000000,156645693,320100000,,
1987,tt0093105,"Good Morning, Vietnam",No Talking between Women,FAIL,13000000,123922370,123922370,,
1987,tt0093409,Lethal Weapon,No Talking between Women,FAIL,15000000,65192350,120192350,,
1987,tt0093773,Predator,Less than Two Women,FAIL,18000000,59735548,98267558,,
1987,tt0093818,Radio Days,No Talking between Women,FAIL,16000000,14792779,14792779,,
1987,tt0093870,RoboCop,No Talking between Women,FAIL,120000000,54764805,221577330,,
1987,tt0094012,Spaceballs,Dubious,FAIL,22700000,38119483,38119483,,
1987,tt0093389,The Last Emperor,Dubious,FAIL,25000000,43984000,43984000,,
1987,tt0093437,The Lost Boys,No Talking between Women,FAIL,8500000,32222567,32222567,,
1987,tt0093779,The Princess Bride,Conversation About Men Only,FAIL,15000000,30857000,30857000,,
1986,tt0090555,Crocodile Dundee,Dubious,FAIL,5000000,174803506,328000000,,
1986,tt0091225,Howard The Duck,Dubious,FAIL,30000000,16295774,16295774,,
1986,tt0091419,Little Shop of Horrors,No Talking between Women,FAIL,30000000,38747385,38747385,,
1986,tt0091763,Platoon,Less than Two Women,FAIL,6000000,137963328,137963328,,
1986,tt0092005,Stand By Me,Less than Two Women,FAIL,8000000,52287414,52287414,,
1986,tt0092099,Top Gun,Conversation About Men Only,FAIL,15000000,179800601,356800601,,
1985,tt0088763,Back to the Future,No Talking between Women,FAIL,19000000,210609762,383874862,,
1985,tt0088944,Commando,No Talking between Women,FAIL,10000000,35073978,35073978,,
1985,tt0088993,Day of the Dead,Less than Two Women,FAIL,18000000,N/A,N/A,,
1985,tt0089457,Ladyhawke,Less than Two Women,FAIL,20000000,18400000,18400000,,
1985,tt0089469,Legend,Dubious,FAIL,25000000,15502112,15502112,,
1985,tt0091578,My Beautiful Laundrette,Conversation About Men Only,FAIL,400000,N/A,N/A,,
1984,tt0087800,A nightmare on Elm Street,Conversation About Men Only,FAIL,35000000,63075011,117729621,,
1984,tt0086960,Beverly Hills Cop,Less than Two Women,FAIL,15000000,234760478,316300000,,
1984,tt0086984,Body Double,Conversation About Men Only,FAIL,10000000,8801940,8801940,,
1984,tt0087078,Conan the Destroyer,Dubious,FAIL,18000000,26400000,26400000,,
1984,tt0087182,Dune,Dubious,FAIL,45000000,27447471,27447471,,
1984,tt0087332,Ghostbusters,No Talking between Women,FAIL,30000000,238632124,291632124,,
1984,tt0087363,Gremlins,No Talking between Women,FAIL,11000000,148168459,148168459,,
1984,tt0087469,Indiana Jones and the Temple of Doom,Less than Two Women,FAIL,28000000,179880271,333080271,,
1984,tt0087928,Police Academy,Dubious,FAIL,4500000,81198894,81198894,,
1984,tt0087995,Repo Man,Conversation About Men Only,FAIL,1500000,2300000,2300000,,
1984,tt0088161,Splash,No Talking between Women,FAIL,8000000,62599495,62599495,,
1984,tt0088170,Star Trek III: The Search for Spock,No Talking between Women,FAIL,18000000,76471046,87000000,,
1984,tt0088247,The Terminator,Conversation About Men Only,FAIL,6400000,38019031,78019031,,
1983,tt0086190,Star Wars: Episode VI - Return of the Jedi,Less than Two Women,FAIL,32500000,309205079,572700000,,
1983,tt0086541,Videodrome,Conversation About Men Only,FAIL,5952000,2120439,2120439,,
1983,tt0086567,WarGames,No Talking between Women,FAIL,12000000,74433837,74433837,,
1982,tt0083658,Blade Runner,No Talking between Women,FAIL,28000000,32656328,33139618,,
1982,tt0082198,Conan the Barbarian,No Talking between Women,FAIL,20000000,38264085,79114085,,
1982,tt0083833,Diner,No Talking between Women,FAIL,5000000,12592907,12592907,,
1982,tt0083866,E.T.: The Extra-Terrestrial,Dubious,FAIL,10500000,435110554,792965326,,
1982,tt0083929,Fast Times at Ridgemont High,Conversation About Men Only,FAIL,4500000,27092880,27092880,,
1982,tt0083944,First Blood,Less than Two Women,FAIL,14000000,47212904,125212904,,
1982,tt0083972,Friday the 13th Part III,Dubious,FAIL,2250000,36690067,36690067,,
1982,tt0084522,Porky&#39;s,Conversation About Men Only,FAIL,4000000,109492484,109492484,,
1982,tt0084726,Star Trek: The Wrath of Khan,Dubious,FAIL,12000000,79912963,96800000,,
1982,tt0084805,Tootsie,No Talking between Women,FAIL,15000000,177200000,177200000,,
1982,tt0084827,TRON,Less than Two Women,FAIL,17000000,26918576,26918576,,
1981,tt0082096,Das Boot,Less than Two Women,FAIL,12000000,11487676,84970337,,
1981,tt0082340,Escape from New York,Less than Two Women,FAIL,6000000,25244700,25244700,,
1981,tt0082418,Friday the 13th Part 2,No Talking between Women,FAIL,1250000,21722776,21722776,,
1981,tt0082509,Heavy Metal,No Talking between Women,FAIL,9300000,19571091,19571091,,
1981,tt0082517,History of the World: Part I,No Talking between Women,FAIL,11000000,31672000,31672000,,
1981,tt0082971,Raiders of the Lost Ark,Less than Two Women,FAIL,20000000,248159971,389925971,,
1981,tt0083907,The Evil Dead,No Talking between Women,FAIL,375000,2400000,29400000,,
1981,tt0081633,Time Bandits,No Talking between Women,FAIL,12000000,37400000,37400000,,
1980,tt0080339,Airplane!,Dubious,FAIL,3500000,83453539,83453539,,
1980,tt0080745,Flash Gordon,Dubious,FAIL,35000000,27107960,27107960,,
1980,tt0080761,Friday the 13th,Conversation About Men Only,FAIL,17000000,65002019,91700771,,
1980,tt0080855,Heaven&#39;s Gate,Less than Two Women,FAIL,44000000,3484331,3484331,,
1980,tt0081398,Raging Bull,No Talking between Women,FAIL,18000000,23380203,23380203,,
1980,tt0081534,Somewhere in Time,Conversation About Men Only,FAIL,5100000,9709597,9709597,,
1980,tt0080684,Star Wars: Episode V - The Empire Strikes Back,Less than Two Women,FAIL,23000000,290271960,534171960,,
1980,tt0081573,Superman II,Dubious,FAIL,54000000,108185706,108185706,,
1980,tt0080455,The Blues Brothers,No Talking between Women,FAIL,27000000,57229890,57229890,,
1980,tt0081505,The Shining,Conversation About Men Only,FAIL,19000000,44017374,44017374,,